employee_id,employee_name,employee_surname,employee_birthday,employee_gender,employee_salary,position_name,created_at,departament_id
1,Lianne,Easom,1999-09-24,1,23640.03,Accounting,2022-06-26 08:29:39,3
2,Kissie,Collocott,1981-12-30,0,21926.74,Sales,2022-05-10 17:34:29,4
3,Herschel,Geindre,1979-10-23,1,24818.74,Marketing,2022-04-04 20:12:48,3
4,Murielle,Bromell,1971-06-16,1,19252.41,Accounting,2022-10-25 01:45:48,1
5,Roobbie,Campanelle,1973-04-16,1,26934.33,Services,2021-12-13 03:36:25,5
6,Marja,De Castri,1995-08-22,0,12069.23,Support,2022-03-08 21:53:17,6
7,Kilian,Gronous,1990-03-06,1,24729.23,Accounting,2022-04-29 18:32:47,1
8,Cyndie,Heale,1990-09-28,1,22519.1,Human Resources,2022-02-10 07:13:21,2
9,Lorenza,Zorzoni,1989-08-05,1,1641.03,Human Resources,2022-09-04 22:34:52,2
10,Viva,Andreassen,1985-09-01,0,19513.15,Legal,2022-10-22 14:33:29,3
11,Raychel,Harkin,1979-11-17,1,24064.28,Human Resources,2022-01-12 07:04:42,1
12,Leyla,Boundy,1998-10-25,1,14880.47,Accounting,2022-04-19 05:36:06,2
13,Patsy,Chesworth,1984-12-18,0,18367.35,Product Management,2022-10-25 23:28:25,5
14,Erroll,Veness,1994-07-15,0,27937.6,Product Management,2022-10-15 20:45:36,3
15,Frasier,Fuidge,1985-12-17,0,10497.85,Human Resources,2022-09-29 03:29:34,5
16,Luke,Malkin,1972-02-03,0,13038.62,Product Management,2022-06-19 18:10:59,1
17,Matteo,Burgwyn,1991-08-10,0,23631.45,Services,2022-03-18 03:20:51,2
18,Ricardo,Jerdein,1977-04-08,0,10687.66,Legal,2022-01-31 08:11:18,1
19,Madalena,Covendon,1999-01-23,0,17330.35,Business Development,2022-08-19 06:31:07,6
20,Carolus,Friedank,1990-03-07,0,29069.75,Human Resources,2022-04-20 18:48:55,6
21,Stephan,Punyer,1976-02-14,1,26317.76,Services,2022-01-21 13:38:08,1
22,Robert,Ealles,1989-11-29,1,4453.09,Accounting,2021-12-05 04:34:55,2
23,Earvin,MacAllester,1985-04-30,0,18658.95,Product Management,2022-08-13 13:45:12,3
24,Noland,Filmer,1995-04-10,1,2739.51,Research and Development,2022-04-02 08:06:31,2
25,Pinchas,Gabbett,1998-06-13,1,22881.13,Engineering,2022-02-24 21:13:37,3
26,Quintus,Knibb,1998-10-05,1,20157.16,Engineering,2022-11-07 15:01:01,3
27,Clem,Swedeland,1970-07-24,0,23570.35,Sales,2022-03-21 19:46:50,4
28,Allsun,Aloshechkin,1978-03-31,1,26150.79,Marketing,2022-10-26 09:27:30,4
29,Udall,Armsby,1980-06-16,1,24663.86,Engineering,2022-05-10 17:19:29,2
30,Mary,Welldrake,1987-08-05,0,3049.64,Support,2022-10-04 17:26:22,4
31,Shelley,Doiley,1993-07-26,0,25727.76,Engineering,2021-12-02 01:23:16,5
32,Onfre,Isakovic,1975-11-12,0,21547.54,Product Management,2021-12-08 05:14:31,2
33,Helli,Edland,2001-01-26,0,20584.69,Sales,2022-06-05 16:08:31,6
34,Aloise,Goodacre,1983-06-10,1,13469.65,Legal,2022-11-15 08:47:24,3
35,Thaine,Sydney,1980-04-29,1,7617.59,Accounting,2022-08-11 12:11:28,4
36,Chadd,Schubbert,1996-11-13,0,23370.68,Training,2022-01-23 22:25:15,6
37,Lizzie,Flowerden,1998-06-13,1,19296.03,Product Management,2022-01-07 02:21:18,3
38,Noemi,Riddich,1978-04-21,1,26186.68,Sales,2022-02-14 09:57:27,2
39,Banky,Suller,1986-10-19,1,15347.34,Legal,2021-12-20 05:46:38,5
40,Dwight,Brithman,1997-12-29,1,8350.82,Research and Development,2022-04-15 02:11:19,2
41,Amy,Zincke,1977-06-07,1,4078.77,Engineering,2022-03-31 09:23:09,3
42,Miof mela,Saph,1996-04-12,0,11599.77,Marketing,2022-02-16 12:01:10,1
43,Jdavie,Musslewhite,1974-10-15,0,8706.8,Marketing,2022-05-03 02:44:41,6
44,Elena,Viste,1992-11-07,0,23698.2,Sales,2022-03-01 19:33:32,3
45,Lay,McCoole,1993-05-31,0,14688.7,Marketing,2022-01-23 05:09:46,2
46,Micaela,Hornung,1996-12-30,0,24256.86,Training,2022-01-15 17:43:11,1
47,Brannon,Lundie,1990-05-29,0,27784.49,Product Management,2022-10-18 22:46:25,4
48,Cilka,Wakenshaw,1984-08-21,0,8322.15,Product Management,2022-01-09 19:07:33,3
49,Wernher,Warman,2000-02-06,1,4522.85,Training,2022-07-22 15:49:54,1
50,Dalt,Lethieulier,1980-12-06,0,16800.22,Training,2022-01-27 20:48:38,6
51,Erek,Harewood,1987-03-29,1,22133.55,Research and Development,2022-09-16 12:27:05,2
52,Lesley,Curle,1972-11-26,0,9202.48,Support,2022-10-26 22:35:16,5
53,Portie,Hadlee,1994-09-25,0,22213.74,Support,2022-05-15 10:22:18,5
54,Anders,Trethewey,1988-10-12,0,4456.87,Business Development,2022-05-08 10:50:29,4
55,Cristine,Dunrige,1975-01-27,0,6769.67,Research and Development,2022-11-13 00:45:05,5
56,Thadeus,Bickers,1973-10-31,1,23704.02,Research and Development,2021-12-28 16:44:04,3
57,Cello,Grahl,1973-07-05,1,11519.48,Accounting,2022-08-30 00:09:10,2
58,Lonee,Cahey,1988-01-23,1,20864.08,Accounting,2022-11-29 06:02:39,1
59,Theo,McShirrie,1993-07-21,1,27986.04,Business Development,2022-11-05 02:53:10,6
60,Chevalier,Peschka,1984-10-17,1,10933.97,Research and Development,2022-05-30 19:07:53,2
61,Temple,Cawdron,1989-08-28,1,9592.91,Accounting,2021-12-16 15:59:45,2
62,Malynda,Ledford,1980-03-31,0,10091.43,Sales,2022-06-29 12:27:53,4
63,Jada,De'Ath,1979-09-01,1,1829.49,Sales,2022-08-14 04:12:00,6
64,Illa,Whitely,1997-10-10,1,27193.13,Services,2022-03-03 00:27:52,3
65,Devlen,Nation,1985-01-09,0,22681.73,Support,2022-01-22 16:44:34,2
66,Gizela,Ivanyutin,2000-07-11,1,2984.78,Support,2022-08-02 21:06:52,6
67,Laurence,Vakhrushev,1976-07-17,0,16455.87,Research and Development,2021-12-14 12:30:04,5
68,Enrichetta,Hagston,1971-12-30,0,21853.58,Legal,2022-05-12 03:29:50,5
69,Warren,Sawdon,1972-02-26,1,13139.02,Human Resources,2022-07-20 14:21:36,6
70,Myrlene,Gillian,1971-02-15,1,4730.21,Training,2022-04-29 08:36:20,5
71,Cele,Tremouille,1994-10-03,1,27047.11,Business Development,2022-03-04 04:53:40,1
72,Gaynor,Scotland,1970-07-08,0,7610.51,Sales,2022-09-02 04:43:36,5
73,Gwendolen,Worsnip,1988-10-24,0,19840.06,Services,2022-10-02 11:59:35,4
74,Oralia,Bessant,1972-11-24,1,28618.76,Business Development,2022-10-29 17:36:32,1
75,Anthiathia,Dow,1975-02-16,0,11910.19,Sales,2022-07-02 22:37:00,6
76,Araldo,Goede,1992-06-27,0,17735.32,Marketing,2021-12-24 06:56:44,4
77,Thibaud,Jaggar,1984-02-02,0,9080.59,Business Development,2022-10-05 12:20:17,3
78,Valli,Tonna,1995-08-08,1,6825.84,Research and Development,2022-01-04 12:44:20,4
79,Meggie,Trevon,1995-10-24,0,13451.3,Training,2021-12-31 20:02:40,3
80,Paulette,Corzon,1984-08-06,0,4439.55,Accounting,2022-08-06 12:59:38,3
81,Jeremias,Sautter,1989-04-24,0,28290.45,Sales,2022-11-01 11:43:55,4
82,Ives,Mesias,1984-05-17,1,26831.65,Research and Development,2022-09-06 01:41:54,1
83,Merilee,Yeiles,2000-09-10,0,28097.15,Support,2022-06-08 23:07:25,6
84,Aryn,Sowley,1995-11-03,0,12152.7,Training,2021-12-04 21:11:53,4
85,Tucker,Worsall,1981-05-22,0,21843.66,Support,2022-04-09 01:34:27,1
86,Maryjane,Hattrick,1987-10-23,0,14750.92,Research and Development,2022-05-14 14:59:23,6
87,Reta,Jordeson,1989-09-23,0,20033.75,Support,2022-10-19 20:37:13,3
88,Justin,Hanrott,1997-10-18,1,6570.44,Human Resources,2022-07-05 07:45:23,3
89,Aylmer,Cullity,1984-02-16,1,26612.55,Product Management,2022-03-11 10:50:30,6
90,Martica,Hazleton,1998-11-16,0,19267.91,Services,2022-10-17 23:29:06,1
91,Danny,Bauser,1999-04-06,0,3404.13,Human Resources,2022-08-24 17:53:12,6
92,Kiri,Meadway,1985-03-23,1,29891.51,Sales,2022-10-10 23:12:26,3
93,Clerc,Ebben,1997-06-22,1,9455.97,Sales,2022-05-21 12:15:38,6
94,Jemmie,Hiner,1984-07-05,0,22354.5,Product Management,2022-10-12 11:42:45,3
95,Guthry,Dummigan,1976-07-26,1,18250.03,Accounting,2022-07-09 14:15:30,4
96,Norby,Verner,1982-11-05,1,18425.94,Accounting,2022-09-06 11:49:09,2
97,Beatrisa,Rennebeck,1992-05-24,1,7923.82,Legal,2022-09-26 11:23:56,5
98,Darcie,McGenn,1987-04-28,0,27614.26,Business Development,2021-12-13 07:39:25,4
99,Melloney,Coskerry,1995-07-08,1,20049.79,Legal,2022-08-20 11:57:11,2
100,Corey,Brazel,1995-11-16,1,1683.04,Marketing,2022-01-14 23:27:47,5
101,Ives,Schwerin,1991-10-30,1,28507.45,Research and Development,2022-10-07 21:35:09,5
102,Latia,Dyerson,1977-10-19,1,18489.25,Product Management,2022-02-19 08:17:34,4
103,Eddy,Grogor,1978-02-13,0,17348.21,Accounting,2022-01-27 15:16:49,5
104,Sidoney,Laurent,1983-05-03,1,25926.67,Sales,2022-08-15 21:40:23,5
105,Kathie,Freemantle,1981-03-15,1,20167.74,Human Resources,2022-05-10 03:36:21,4
106,Sophie,Cranfield,1991-12-20,1,11293.26,Support,2022-04-03 10:48:45,5
107,Gavra,Schnitter,1986-09-29,1,14750.25,Research and Development,2022-03-16 13:08:50,5
108,Reuben,Highton,1983-02-24,0,25193.07,Training,2022-05-30 14:36:43,1
109,Arty,Bligh,1996-03-01,1,6857.94,Sales,2022-02-08 14:48:20,5
110,Nixie,Kornes,1997-07-06,1,26587.32,Research and Development,2022-01-03 10:49:26,5
111,Florri,Rzehor,1976-06-21,0,29159.2,Accounting,2022-11-01 22:22:07,2
112,Tresa,Lindsley,1974-07-23,0,9202.43,Services,2022-05-29 10:52:46,4
113,Hasheem,Lammerts,2001-04-30,0,15617.29,Business Development,2022-02-13 11:47:01,4
114,Laurette,Ludlom,1987-08-14,0,14413.24,Legal,2022-03-22 23:03:30,4
115,Elysha,Morrilly,1981-11-29,0,19100.46,Accounting,2022-06-18 10:14:28,2
116,Isak,Goodee,1980-10-01,1,25732.38,Sales,2022-08-28 23:20:14,6
117,Hilly,McInnery,1975-02-05,0,25224.78,Sales,2022-03-17 15:09:03,1
118,Emelita,Petraitis,1990-06-08,1,13391.48,Business Development,2022-07-14 07:35:47,4
119,Essa,Wais,1994-02-04,1,21301.26,Training,2022-04-14 19:41:55,6
120,Myrtie,Rash,1972-03-26,0,5742.47,Marketing,2022-10-06 09:18:48,6
121,Shanta,Collett,1998-11-26,0,22754.88,Support,2022-02-07 21:04:49,3
122,Calhoun,Smallman,1975-05-26,0,10190.54,Research and Development,2022-01-11 02:53:48,5
123,Myer,Sinden,2001-01-08,1,19578.55,Training,2022-10-02 17:15:28,6
124,Emelen,Norquoy,1989-11-09,1,10124.87,Legal,2022-06-14 08:13:43,5
125,Trish,Sellan,1988-12-26,0,4222.79,Services,2022-04-07 01:05:33,4
126,Ginnie,Endrizzi,1995-07-30,1,28771.35,Training,2022-05-10 08:56:00,5
127,Whittaker,Brydone,1996-10-18,0,15715.48,Human Resources,2022-11-14 07:43:21,4
128,Stern,Fowley,1978-07-13,0,20504.35,Training,2022-01-18 14:48:10,1
129,Carlin,Giacometti,1994-08-17,0,15850.98,Accounting,2022-08-03 22:14:06,2
130,Royall,Habeshaw,1998-07-03,1,10666.39,Accounting,2022-02-23 14:58:09,3
131,Lethia,De Mattei,1978-03-29,1,12997.55,Human Resources,2021-12-03 05:44:24,6
132,Loralee,Theobold,1987-06-04,1,14388.46,Services,2021-12-22 08:14:25,6
133,Bren,Musla,1971-06-19,0,22807.98,Accounting,2022-03-05 22:50:15,2
134,Chrisse,Goodridge,1996-11-26,1,15329.32,Accounting,2022-07-22 18:02:59,6
135,Cyndy,Wenden,1978-08-26,1,17470.37,Research and Development,2021-12-14 18:24:24,2
136,Milly,Garcia,1989-04-04,1,9275.23,Sales,2022-03-03 05:20:24,2
137,Dolly,Southwell,1996-02-20,1,2573.05,Support,2022-05-06 14:10:11,4
138,Lynelle,Waplington,1990-07-03,0,29793.34,Training,2022-06-21 13:35:53,4
139,Malynda,Frohock,1970-01-02,0,21486.54,Marketing,2022-09-02 18:12:12,3
140,Aviva,Brookes,1992-04-08,1,20105.49,Marketing,2022-09-11 16:37:15,3
141,Brock,Lutzmann,1980-05-29,1,8515.28,Accounting,2022-04-30 15:51:54,1
142,Obed,Dow,1995-05-18,1,29896.69,Human Resources,2022-04-10 19:27:54,5
143,Ealasaid,Croad,1977-10-25,0,3519.84,Support,2021-12-21 09:42:32,4
144,Adrienne,Ruegg,1986-05-31,1,27157.68,Marketing,2022-11-15 03:42:29,1
145,Orelle,Dawidowsky,1977-07-13,0,20586.64,Marketing,2022-11-02 06:16:49,2
146,Florella,Micco,1996-05-13,1,29876.34,Support,2022-08-19 07:20:52,3
147,Yvette,Stoppe,1988-03-05,1,13930.45,Business Development,2022-01-12 05:03:24,5
148,Eldin,Macenzy,1996-05-16,0,28206.16,Product Management,2022-07-07 21:29:20,1
149,Renard,Wilson,1981-06-09,1,24021.23,Training,2022-04-12 07:49:22,2
150,Drake,Athridge,1976-03-06,1,11713.96,Training,2022-05-20 11:26:40,4
151,Norris,Bladge,1993-05-17,0,3274.43,Training,2022-10-27 06:52:14,1
152,Rivi,Aubin,1974-06-24,1,11815.43,Human Resources,2022-04-24 05:59:01,6
153,Preston,Deeves,1986-05-10,1,28254.32,Product Management,2022-05-10 16:01:59,6
154,Alena,Hinkes,1988-04-13,1,14233.67,Product Management,2022-01-12 22:31:30,3
155,Esmeralda,Pedrielli,1971-12-16,0,4304.47,Training,2022-10-07 11:10:13,1
156,Bentlee,Primett,1976-05-17,1,27732.52,Sales,2022-11-19 23:14:11,4
157,Hermie,Baugh,1984-09-06,0,4909.19,Legal,2022-06-03 22:18:55,5
158,Mirabella,Grassot,1989-08-28,0,28737.58,Business Development,2022-11-21 18:02:37,6
159,Maggi,Huburn,1978-06-07,0,11457.44,Accounting,2022-11-21 13:51:05,5
160,Clint,Taill,1978-09-19,0,28567.15,Support,2022-07-07 09:57:50,2
161,Mallory,Rigby,2000-11-17,1,27480.52,Legal,2022-06-27 01:21:13,3
162,Gaylord,Cantrill,1996-10-26,0,6820.59,Engineering,2022-09-20 06:55:49,1
163,Price,Kirkpatrick,2000-03-23,0,11190.7,Product Management,2022-07-02 06:52:08,3
164,Barney,Egiloff,1982-02-13,0,12120.49,Research and Development,2022-01-19 18:13:08,2
165,Frazier,Haggidon,1974-02-27,0,23111.49,Business Development,2022-10-04 12:18:18,4
166,Emma,Veryan,1993-12-17,0,11957.05,Research and Development,2021-12-25 19:46:03,6
167,Marcella,Jiricka,1986-03-29,0,11543.56,Legal,2022-01-19 14:54:16,5
168,Rita,Schooling,1976-11-18,1,8925.64,Human Resources,2022-09-03 18:23:33,4
169,Granthem,Karpeev,1977-07-31,1,16765.83,Marketing,2021-12-02 19:54:29,2
170,Caesar,Buller,1993-02-08,1,3837.4,Business Development,2022-01-11 05:14:14,2
171,Tatum,Payze,1994-07-14,0,9515.96,Human Resources,2022-01-15 23:13:21,5
172,Englebert,Rupke,1983-12-14,1,2113.34,Engineering,2021-12-22 01:35:51,1
173,Delmar,Major,1989-12-08,0,26312.65,Legal,2022-09-03 18:51:48,5
174,Justine,Kayley,1999-05-02,0,26421.35,Accounting,2022-08-26 13:05:53,5
175,Emerson,Flacknell,1978-03-21,0,10231.2,Legal,2022-11-07 11:34:57,6
176,Isobel,Gummie,1993-12-14,1,12863.72,Engineering,2022-06-05 18:54:07,1
177,Weylin,MacWilliam,1999-06-23,0,20039.74,Business Development,2022-10-01 10:37:46,2
178,Norma,Dossantos,2001-11-02,1,29518.53,Sales,2022-07-20 14:04:39,2
179,Ulrich,Dunstone,1991-01-31,1,24197.5,Accounting,2022-04-20 19:29:44,6
180,Hubey,Hullin,1980-03-24,0,2590.39,Support,2022-05-06 01:13:17,5
181,Leonerd,Schneider,1979-02-12,0,28389.19,Sales,2022-01-07 00:59:59,5
182,Tiphanie,Ridsdell,1994-01-01,1,17237.46,Services,2022-05-30 12:03:52,6
183,Goldarina,Noakes,1988-08-20,1,20781.67,Research and Development,2022-02-19 07:33:59,3
184,Gabrielle,Dickons,1970-04-02,0,7665.25,Human Resources,2022-01-27 00:12:06,3
185,Giacomo,Crotch,1986-10-12,0,17526.7,Legal,2022-05-18 08:37:33,2
186,Delores,Drinkel,1978-04-26,1,20475.51,Business Development,2022-02-14 17:53:58,3
187,Branden,Vondruska,1985-02-18,0,27317.35,Sales,2022-06-01 10:15:20,2
188,Alana,Causey,1979-04-03,0,8927.8,Sales,2022-09-20 19:32:35,2
189,Claudina,Ellice,1973-12-04,0,28521.63,Research and Development,2022-10-21 17:12:12,4
190,Douglas,Westerman,1995-08-27,0,23142.12,Accounting,2022-08-05 00:24:35,4
191,Donnajean,Plumley,1992-02-21,0,10648.78,Sales,2022-10-21 05:28:37,6
192,Pearl,Castaignet,1986-07-02,1,3176.53,Sales,2021-12-14 21:47:34,3
193,Wait,Westhofer,1991-08-01,1,8523.35,Sales,2022-01-15 13:41:24,4
194,Gilberto,Davioud,2001-08-26,0,11955.48,Sales,2022-01-24 19:46:12,6
195,Annice,Mantz,1987-02-15,0,12528.27,Marketing,2022-01-05 10:18:37,1
196,Collette,Kondratenya,1985-08-14,1,23535.46,Product Management,2021-12-10 05:49:12,5
197,Ilysa,Ferroli,1982-03-16,1,3802.75,Business Development,2022-09-15 13:19:03,3
198,Ronnica,Climo,1995-10-10,0,4450.39,Engineering,2022-06-20 07:48:00,5
199,Alon,Dufton,1984-03-23,0,10363.83,Product Management,2022-05-30 21:56:43,2
200,Calv,Cave,1997-11-26,0,26331.54,Accounting,2022-08-12 01:04:33,4
201,Patricio,Shrubsall,1979-06-12,1,19534.33,Accounting,2022-06-22 21:36:08,2
202,Henrietta,Hembry,1987-08-05,0,21688.46,Legal,2022-11-21 23:40:40,1
203,Drugi,Christene,1999-07-02,0,4157.06,Product Management,2022-01-01 20:47:08,2
204,Margarethe,Copcott,1970-06-09,0,24344.11,Accounting,2022-07-05 02:16:36,5
205,Amie,Feldberger,1985-02-21,0,18560.71,Services,2022-02-23 08:07:21,5
206,Ofelia,Covendon,1986-02-24,1,23289.02,Sales,2022-07-26 22:44:28,6
207,Paul,Linke,1994-04-21,0,18010.81,Accounting,2022-11-26 06:41:09,4
208,Keith,Cawdron,1985-10-30,1,27474.46,Human Resources,2022-03-26 15:51:09,4
209,Linell,Nendick,1989-10-11,0,18976.95,Legal,2021-12-10 05:42:07,5
210,Bartholomeo,Desvignes,1985-02-06,0,22019.05,Services,2022-11-06 21:53:36,5
211,Nerta,Pawlick,1974-11-09,0,27940.5,Sales,2022-05-08 10:22:44,3
212,Rabi,Cakes,2000-01-25,1,2646.34,Engineering,2021-12-27 00:06:15,3
213,Cheslie,Cashin,1970-07-02,0,18050.0,Human Resources,2022-04-01 18:49:12,2
214,Theodora,Ridde,1978-02-27,0,14662.43,Research and Development,2022-04-01 04:21:35,2
215,Ingelbert,Pickance,1989-07-07,0,11414.57,Research and Development,2022-09-09 23:44:06,3
216,Weider,Elletson,1997-05-19,1,4438.65,Engineering,2021-12-23 21:56:03,5
217,Fanny,Berr,1987-07-29,1,3297.2,Marketing,2022-08-13 05:34:49,3
218,Brooke,Rogister,1994-08-21,1,11625.46,Research and Development,2022-05-01 10:29:18,5
219,Ceciley,McClure,1975-01-01,0,25728.41,Support,2022-04-05 19:31:47,3
220,Torrance,Forstall,1974-07-27,1,14825.2,Business Development,2022-01-04 01:27:20,2
221,Marlene,Grigs,1990-05-02,1,15994.42,Product Management,2022-09-07 23:17:42,5
222,Maryjane,Spadari,1974-04-17,1,8337.29,Human Resources,2022-02-21 19:41:45,2
223,Cynde,Shovelin,1984-08-07,1,22305.11,Training,2021-12-17 15:09:05,4
224,Toddy,Risbridger,1983-07-03,0,15562.24,Legal,2022-05-06 05:26:47,5
225,Doroteya,D'Adda,2001-03-21,0,29983.43,Product Management,2022-10-24 21:53:25,1
226,Kasey,Krysiak,1994-01-02,1,15962.83,Accounting,2022-01-12 13:10:28,3
227,Sawyer,Feuell,1985-12-08,0,29441.74,Human Resources,2022-11-30 00:29:22,4
228,Lusa,Mcmanaman,1998-03-10,1,20535.37,Training,2022-02-13 14:01:32,5
229,Keeley,Tithacott,1980-07-30,0,20324.02,Legal,2022-09-05 18:02:01,4
230,Efrem,Bedells,1988-07-11,1,8621.39,Legal,2022-04-07 14:52:23,6
231,Packston,Sharphurst,1973-06-20,0,28301.61,Training,2021-12-09 08:29:40,2
232,Sarajane,Clearie,1991-02-07,0,27522.81,Legal,2022-09-24 09:39:27,2
233,Wynne,Werndley,1996-01-27,0,27129.62,Engineering,2022-03-06 01:14:09,2
234,Gunter,Osgorby,1980-07-05,0,29003.16,Engineering,2022-06-18 11:04:33,5
235,Sybille,Mulkerrins,1972-02-13,1,11502.66,Accounting,2022-02-23 21:58:15,3
236,Ruthy,Dowber,1999-01-22,0,27593.36,Research and Development,2022-03-22 08:24:30,3
237,Avigdor,Daines,1973-11-23,0,10550.33,Product Management,2022-06-27 21:29:36,6
238,Salmon,Soule,1987-11-18,0,27102.08,Research and Development,2022-09-22 19:42:10,4
239,Ash,Tenman,1979-10-13,1,19999.59,Business Development,2022-06-26 18:04:58,2
240,Skell,Gouthier,1971-11-18,0,21155.78,Support,2022-09-23 22:40:33,2
241,Emelyne,Comiskey,1974-06-03,0,28330.82,Training,2022-09-26 06:26:45,3
242,Lyn,Cockroft,1984-12-18,1,9566.91,Legal,2022-11-19 20:44:04,5
243,Daile,Donaldson,1974-03-25,1,7495.09,Support,2022-09-14 18:10:19,1
244,Derrik,Lempel,1990-12-26,0,22003.67,Legal,2022-09-12 11:09:41,2
245,Niccolo,Heamus,1991-04-21,1,26784.56,Training,2022-07-29 04:36:32,1
246,Annabell,Persence,1984-06-05,1,17377.55,Accounting,2022-06-27 13:50:21,5
247,Lilla,Starr,1993-11-03,0,1626.83,Marketing,2022-04-30 08:26:11,4
248,Renato,Gatch,1993-05-14,1,28602.32,Research and Development,2022-03-23 17:59:33,1
249,Leslie,McMeekan,1990-06-17,1,11733.19,Human Resources,2022-09-19 21:34:14,2
250,Craig,Alfonsetto,1982-06-15,0,11799.57,Accounting,2022-09-22 09:54:40,1
251,Harlene,Blanque,1971-08-01,0,3168.46,Services,2022-02-13 10:01:40,4
252,Manfred,Steely,1979-11-23,0,26001.53,Engineering,2022-03-05 17:26:59,1
253,Rachael,Gotmann,1978-11-21,1,14531.88,Sales,2021-12-09 19:09:45,4
254,Reta,Runcieman,1988-01-19,1,3982.62,Training,2022-05-16 22:30:01,1
255,Rosco,Iddins,1995-03-28,0,2029.32,Sales,2022-09-02 20:04:06,3
256,Janina,Canet,1998-11-14,0,28213.7,Sales,2022-04-01 18:41:50,6
257,Kathryne,Ugo,1999-10-24,0,10915.51,Legal,2022-08-17 13:46:44,6
258,Cyrille,Yerbury,1984-05-01,0,13433.38,Services,2021-12-01 21:08:01,4
259,Laurence,Pointin,1974-05-18,1,8432.43,Research and Development,2021-12-19 10:20:09,6
260,Micheal,Verey,1991-09-14,1,2487.81,Legal,2022-10-30 10:14:53,2
261,Sylvia,Scranny,1996-11-26,0,29355.71,Training,2021-12-26 08:44:56,6
262,Bernarr,Bercevelo,1996-05-22,0,10151.14,Legal,2022-01-30 10:43:03,3
263,Nari,Kivits,1983-11-15,0,25366.37,Marketing,2022-11-09 07:45:24,5
264,Leroi,Romao,1991-06-12,1,7315.87,Training,2022-04-12 10:36:46,2
265,Christabel,Merrin,2000-12-10,0,21361.06,Support,2022-02-11 08:54:59,2
266,Lari,Ludron,1993-06-30,1,10503.22,Training,2022-09-17 18:15:53,1
267,Ximenes,Beeching,2000-06-27,0,6097.85,Business Development,2022-05-06 20:12:30,2
268,Blakelee,Bickford,1995-10-23,0,14451.35,Accounting,2022-03-12 10:14:23,2
269,Kirsteni,Matterface,1992-04-09,0,27342.85,Training,2022-05-14 21:30:53,4
270,Flora,Crump,1972-10-08,0,26372.03,Marketing,2022-04-12 11:16:51,3
271,Taddeusz,Shilston,1972-02-05,0,8253.98,Accounting,2022-09-15 13:44:58,1
272,Ranna,Grimble,1995-04-27,0,28801.11,Sales,2022-05-10 08:50:52,5
273,Bone,Braley,1981-03-17,0,7448.21,Sales,2021-12-05 04:55:52,4
274,Barron,Southworth,1980-01-30,1,9679.17,Human Resources,2022-10-20 19:08:05,3
275,Libbie,Lanbertoni,1997-05-14,0,16785.63,Accounting,2022-02-27 04:27:10,6
276,Lacie,Smale,1972-05-18,1,22109.98,Training,2022-11-15 23:29:46,6
277,Thurstan,Ruperto,1974-06-18,0,4284.69,Engineering,2022-02-25 14:21:56,4
278,Abbe,Isoldi,1998-02-03,1,20906.9,Marketing,2022-08-15 15:28:24,6
279,Kamillah,Godley,1980-07-11,1,2469.14,Support,2022-05-26 12:25:13,6
280,Honor,Simo,1984-01-08,0,17033.92,Support,2022-05-29 11:36:27,6
281,Judd,Orr,1985-01-09,1,8275.3,Engineering,2022-08-31 10:41:46,2
282,Penn,Fermor,1978-10-21,1,6006.25,Marketing,2022-01-26 04:29:47,1
283,Sansone,Joss,1985-10-20,1,17925.19,Support,2022-05-21 12:44:35,5
284,Hubey,Featherby,2000-04-23,0,27164.3,Support,2022-06-30 16:13:26,3
285,Seana,Lippingwell,1986-10-25,0,19859.12,Support,2022-06-14 17:55:52,1
286,Abigail,MacGillivrie,1976-09-26,0,9495.46,Sales,2022-08-29 14:30:59,4
287,Annnora,Shedd,1975-08-29,1,19875.85,Accounting,2022-06-08 19:26:09,1
288,Terence,Calafato,2001-04-23,0,22549.03,Research and Development,2022-06-29 08:04:47,3
289,Munmro,Priestnall,1988-03-12,0,29854.55,Engineering,2022-10-29 16:11:49,4
290,Lucita,Torritti,1988-06-12,0,11619.56,Human Resources,2022-03-19 01:55:55,5
291,Aurilia,Meneely,1994-11-08,0,9564.72,Accounting,2022-10-24 04:19:29,1
292,Chelsea,Chesterton,1992-11-19,1,28990.81,Sales,2022-11-09 08:16:21,4
293,Charlie,Nayshe,1988-06-17,1,13459.97,Legal,2022-04-27 14:12:48,5
294,Rosabella,Bettington,1970-03-13,1,8372.69,Product Management,2022-07-29 17:16:50,2
295,Brennen,Costelloe,1982-08-24,1,10625.64,Accounting,2021-12-24 22:09:00,5
296,Trumann,Winteringham,2001-08-25,1,18472.05,Human Resources,2022-10-09 00:32:23,1
297,Rae,Carson,2000-05-27,0,26891.04,Marketing,2022-01-09 11:51:18,1
298,Tabbi,Lampitt,2000-06-02,1,5308.93,Legal,2022-02-25 18:26:56,4
299,Florina,Casillas,1983-04-17,1,10966.35,Support,2022-09-23 17:50:54,4
300,Genovera,Ughetti,1992-12-22,0,16544.56,Sales,2022-02-04 20:16:49,1
301,Gerianna,Toland,1987-05-23,1,9759.08,Accounting,2022-02-28 13:25:48,4
302,Lena,Leithgoe,1973-07-16,0,21237.03,Accounting,2022-05-11 07:04:55,5
303,Raf,Criag,1981-07-31,1,14446.07,Legal,2022-07-13 09:24:29,5
304,Joly,Meiner,2001-06-05,0,1951.41,Support,2021-12-14 07:54:20,5
305,Anderea,Drinkwater,1976-06-09,0,29260.12,Business Development,2022-07-13 20:53:28,6
306,Jarrad,Bordman,2001-08-29,0,27613.44,Marketing,2022-01-23 23:44:51,5
307,Jakie,Reinard,2001-06-01,1,2692.84,Support,2022-10-18 19:05:42,2
308,Millie,Deaton,1984-04-04,1,3772.39,Training,2022-09-04 14:37:01,3
309,Jaimie,Belliss,1986-08-18,0,29969.61,Product Management,2022-09-18 13:39:56,6
310,Gavin,Braiden,1979-08-05,0,11428.16,Support,2022-11-01 09:22:36,2
311,Rona,Steadman,1997-11-20,1,22511.03,Marketing,2022-04-07 17:04:18,1
312,Colene,Scallan,1995-04-13,0,5897.25,Legal,2022-06-10 20:16:31,6
313,Lester,Goodoune,1981-11-25,1,3671.69,Training,2022-07-10 19:05:17,3
314,Ann,Sorley,1973-01-27,1,4498.94,Support,2022-07-12 22:57:40,4
315,Amelie,Oxenbury,1997-11-07,0,7453.36,Human Resources,2022-11-06 16:18:04,4
316,Andie,Plowes,1997-03-16,0,24757.0,Product Management,2022-04-23 08:17:15,3
317,Kirby,Arnauduc,1991-07-13,0,5384.69,Sales,2022-09-06 07:20:37,3
318,Virginie,Philpin,1970-09-12,1,18372.97,Research and Development,2022-07-04 09:40:49,1
319,Jo-anne,De Goey,1979-06-21,0,11971.83,Business Development,2022-04-27 04:05:42,5
320,Beckie,Ripsher,1990-03-03,0,29674.77,Engineering,2022-07-16 07:09:29,4
321,Timi,De Roos,1977-10-15,0,17641.83,Training,2022-09-24 15:55:59,5
322,Skell,Reasun,1985-10-25,0,13726.5,Accounting,2022-02-04 10:55:44,1
323,Rockie,Cleveland,1989-05-27,0,3328.87,Training,2022-11-21 00:29:34,6
324,Steffi,Whitlam,1976-07-13,1,8668.72,Services,2022-07-07 22:23:21,3
325,Brendis,Payn,1994-03-13,1,17248.48,Legal,2022-06-10 13:21:51,5
326,Michele,Flemming,1987-11-20,1,9196.95,Business Development,2022-01-04 06:26:43,4
327,Haley,Abramowitz,1980-08-20,0,25745.31,Training,2022-03-25 02:59:10,3
328,Ignatius,Poytheras,1983-09-23,1,12406.44,Services,2022-02-06 11:26:33,4
329,Dale,Etridge,1990-07-17,0,26531.06,Business Development,2022-09-08 12:09:49,4
330,Aurilia,Soles,1983-04-02,1,6675.09,Marketing,2022-08-09 17:06:10,1
331,Merridie,Furlonge,1972-11-23,1,26457.95,Business Development,2022-05-14 19:09:07,1
332,Carce,Cheesworth,1970-07-26,1,3717.91,Sales,2021-12-30 18:32:55,1
333,Peri,Shyram,1988-07-07,1,26889.48,Support,2022-02-26 14:08:28,6
334,Lara,Mathely,1974-09-11,1,25875.78,Sales,2022-07-16 14:14:45,6
335,Kalvin,O'Dunniom,2000-09-30,0,9978.33,Human Resources,2022-08-03 01:15:15,5
336,Fanya,Phillins,1981-08-09,1,6474.86,Product Management,2022-05-25 01:26:21,6
337,Allina,Howick,2000-03-26,0,13550.04,Training,2022-11-19 04:33:52,4
338,Magdalena,Lumsdale,1994-11-29,0,25474.32,Support,2022-03-29 09:59:11,2
339,Rossie,Gerardin,1989-02-01,0,5278.77,Human Resources,2022-10-12 06:05:38,3
340,Maury,Baribal,1995-03-14,0,19058.33,Services,2022-04-11 05:19:30,3
341,Farra,Hatherleigh,1993-05-07,1,27877.35,Support,2022-07-17 10:11:51,5
342,Lorena,Bumby,1996-07-17,0,21131.44,Accounting,2022-01-30 19:56:46,2
343,Aurie,Esel,1991-08-29,1,29206.55,Research and Development,2022-05-27 11:36:45,6
344,Maren,Blayd,2001-04-12,1,2314.41,Legal,2022-01-20 15:42:01,2
345,Mandy,Escala,1991-10-14,0,24931.03,Product Management,2022-07-09 01:41:39,6
346,Wilden,Vogl,1993-12-05,0,11750.08,Product Management,2022-05-03 07:12:15,4
347,Martha,Ingles,1998-08-28,0,8691.36,Training,2022-05-10 20:21:37,4
348,Alexandr,Michallat,2000-05-26,1,26793.83,Services,2022-01-28 20:44:57,5
349,Karee,Roscow,1977-06-17,0,25081.05,Product Management,2022-04-02 16:48:02,6
350,Claiborn,Ragge,1977-03-24,1,22941.89,Legal,2022-05-22 03:59:45,2
351,Rossie,Race,1996-11-27,1,25744.08,Engineering,2022-07-11 04:24:58,4
352,Jacklin,Kiffe,1996-01-11,1,18781.96,Product Management,2022-07-07 11:35:55,2
353,Onfroi,Pattle,1998-08-20,0,26724.51,Product Management,2022-10-13 17:06:03,4
354,Maritsa,Fer,1999-11-30,0,7530.12,Training,2022-01-14 15:43:52,2
355,Julee,Duncanson,1991-09-23,1,26154.8,Marketing,2022-02-11 19:42:37,3
356,Lucie,Stolte,1996-01-12,1,17788.03,Business Development,2022-03-27 04:09:39,6
357,Adelbert,Coultas,1983-03-17,0,25472.11,Support,2022-10-27 21:01:17,6
358,Shayne,Stallan,1973-02-06,1,2657.43,Support,2022-06-04 06:42:20,4
359,Marilee,Hatzar,1973-05-05,1,25484.62,Training,2022-10-19 06:41:13,3
360,Nanon,Brech,1982-12-03,0,7040.84,Services,2022-04-09 02:56:06,2
361,Tiertza,Puttergill,2001-07-09,1,19640.8,Accounting,2022-08-29 12:38:33,2
362,Anetta,Dilke,1996-02-06,0,5668.1,Business Development,2022-02-11 00:32:04,3
363,Hayden,De Cleyne,1991-05-29,1,6859.02,Business Development,2022-01-28 00:40:22,3
364,Rosamund,Doughty,1975-05-11,0,14842.23,Sales,2022-03-04 21:29:03,1
365,Ole,Berthome,1971-08-02,1,13850.05,Training,2022-10-25 10:21:29,3
366,Melony,Cockman,2001-03-28,1,18311.21,Business Development,2022-10-10 13:38:33,1
367,Moss,Lambrechts,1999-06-10,1,12178.4,Engineering,2022-07-27 21:09:46,6
368,Teri,Vaines,1997-06-15,1,21129.44,Research and Development,2022-10-19 02:41:07,4
369,Dall,Spadazzi,1981-12-31,0,4783.72,Sales,2021-12-23 03:27:27,5
370,Harper,Pach,1973-12-05,1,8268.82,Support,2022-05-07 03:07:30,3
371,Shelden,Gavaghan,1985-12-01,0,16148.84,Business Development,2022-09-06 18:31:23,3
372,Collete,Francillo,1992-09-21,1,11522.79,Marketing,2022-11-02 07:04:14,4
373,Matthiew,Farra,1994-09-27,1,24919.87,Human Resources,2022-04-07 16:48:37,4
374,Nolie,Walthew,1970-07-31,0,17050.5,Training,2022-08-21 00:20:33,6
375,Morganne,Graffin,1980-10-16,1,20365.48,Sales,2022-03-23 17:47:28,5
376,Bernadina,Esler,1988-02-24,1,5928.17,Support,2022-01-24 06:10:12,3
377,Thibaut,Railton,1995-09-10,0,15955.01,Marketing,2022-09-04 05:14:09,6
378,Klaus,Capes,1993-01-16,0,23253.54,Sales,2022-01-22 23:00:39,6
379,Hurley,Jenicke,1989-06-26,1,3175.71,Support,2022-06-17 04:41:58,2
380,Briny,Dyott,1988-03-13,0,10316.3,Research and Development,2022-07-03 17:29:42,2
381,Humphrey,Rickasse,1983-08-03,0,27817.37,Accounting,2022-09-05 20:58:21,3
382,Harald,McKinstry,1979-01-04,0,5943.52,Accounting,2022-07-20 02:12:12,3
383,Viki,Thorbon,1994-03-10,1,3714.62,Human Resources,2022-01-05 10:53:15,3
384,Eustacia,Dommersen,1975-08-05,0,8077.81,Engineering,2022-10-07 16:02:04,6
385,Morgana,Kellart,1989-03-30,1,7100.44,Support,2021-12-11 05:17:31,6
386,Pammie,Beldum,1988-06-21,1,20688.41,Support,2022-10-22 08:26:41,2
387,Jacintha,Josuweit,1992-12-08,0,14964.67,Business Development,2022-02-19 09:33:33,2
388,Christie,Scheffler,2001-10-19,1,8772.47,Human Resources,2022-04-17 15:18:50,5
389,Carri,Knevett,2000-04-25,0,6898.25,Marketing,2022-03-08 13:04:39,5
390,Margaret,Kubach,1998-06-27,0,7161.9,Human Resources,2022-08-10 14:20:25,1
391,Way,Foulsham,1978-12-10,1,23912.7,Product Management,2022-02-01 13:16:17,1
392,Jenilee,Mousby,1995-07-18,0,18558.64,Human Resources,2022-05-27 22:22:09,3
393,Chance,Dayley,1970-08-22,0,16194.67,Business Development,2022-11-16 16:26:57,2
394,Shaylyn,Starmore,1987-04-11,0,6762.52,Research and Development,2022-02-13 11:36:51,3
395,Curtice,Braunstein,1972-08-24,0,25553.11,Legal,2021-12-26 15:56:54,4
396,Caitrin,Whitcher,1992-05-27,0,12805.71,Services,2022-07-13 19:19:41,6
397,Noel,Iskov,1973-12-03,1,20952.37,Human Resources,2022-10-13 06:33:00,2
398,Paxton,McIlwrick,1977-11-30,0,24778.75,Engineering,2022-09-23 16:40:39,4
399,Liz,Mowsdell,1998-09-06,0,17270.15,Legal,2022-02-15 11:11:31,1
400,Barth,Van Vuuren,1982-12-15,1,9718.17,Services,2022-05-06 17:17:50,1
401,Delphinia,Forge,1979-08-29,0,15577.71,Marketing,2022-01-03 18:23:31,4
402,Gusella,Insole,1981-03-25,1,11040.31,Support,2022-08-02 11:50:39,2
403,Kaine,Ellard,1989-07-08,1,15152.37,Research and Development,2022-01-26 10:34:55,2
404,Rip,Rojahn,1995-10-11,0,28054.33,Training,2022-02-05 00:37:11,4
405,Ted,Hebble,1972-11-19,0,21124.02,Marketing,2022-06-02 08:47:40,2
406,Bryan,Battershall,1993-07-27,0,6502.15,Human Resources,2022-08-22 13:50:24,3
407,Ashlie,Vassie,1976-02-11,0,26148.36,Services,2022-07-19 12:12:38,4
408,Brantley,Nicholson,1977-03-08,0,17176.82,Business Development,2022-11-11 04:24:38,5
409,Nerita,Arnhold,1982-01-16,1,26666.2,Accounting,2022-10-16 13:43:25,6
410,Laure,Saltsberg,1993-01-31,1,28463.15,Accounting,2022-07-10 01:41:21,6
411,Myrna,Striker,1972-12-02,1,26247.69,Services,2022-09-17 06:00:04,4
412,Gene,Radbourne,2000-12-23,0,26413.16,Human Resources,2022-05-11 23:30:03,1
413,Valerye,Shilston,1985-03-04,0,6164.25,Accounting,2022-09-13 13:09:49,4
414,Gertruda,Welfare,1986-06-18,0,6231.35,Services,2022-07-15 05:39:30,3
415,Matilda,Stringman,1999-09-30,0,16370.61,Business Development,2022-01-15 14:56:58,4
416,Eilis,Cowburn,1990-08-13,0,24706.28,Services,2022-02-27 05:07:57,1
417,Sarita,Keely,1973-09-10,1,4382.09,Legal,2022-06-15 18:16:08,2
418,Corena,Halso,1986-04-17,0,17049.29,Sales,2022-11-08 05:38:43,4
419,Morris,Parham,1980-01-30,1,13694.35,Accounting,2022-11-30 07:53:51,5
420,Curtis,Normansell,1973-04-23,1,15216.43,Sales,2022-09-22 18:44:07,4
421,Minda,Baus,1972-04-28,0,27835.16,Training,2022-02-05 11:04:18,6
422,Brander,Jallin,1989-12-26,0,6703.25,Product Management,2021-12-19 12:16:58,1
423,Melodee,Howick,1995-08-24,0,29299.81,Business Development,2022-09-05 18:24:28,2
424,Gaultiero,Goudman,1995-03-06,1,5295.47,Legal,2022-10-30 07:13:53,5
425,Otho,Lynn,2000-11-18,0,25768.24,Research and Development,2022-05-23 16:30:32,6
426,Stephen,Clarage,1980-05-23,1,13643.19,Business Development,2022-08-04 20:04:17,4
427,Rutter,Yeulet,1989-05-28,0,4883.73,Support,2022-08-24 08:27:33,1
428,Willey,Liversage,1996-12-04,1,20892.86,Human Resources,2022-10-13 19:53:10,3
429,Felic,Nolleth,1992-09-22,0,13889.34,Sales,2022-08-24 20:09:08,1
430,Madelyn,Thicking,1994-03-26,0,16211.2,Support,2022-06-21 10:15:42,6
431,Gabbey,MacGahey,1978-07-27,1,24254.18,Accounting,2022-08-12 04:31:28,6
432,Barde,Hakey,1993-12-22,1,15758.77,Services,2022-07-04 00:44:26,1
433,Carlene,Crolla,1994-01-24,0,7605.95,Legal,2022-07-28 07:24:50,6
434,Lonny,Kenrack,1977-05-03,1,3683.73,Training,2022-05-10 10:58:14,6
435,Harold,Conlaund,1995-09-20,1,28859.86,Business Development,2022-03-20 13:55:41,6
436,Briny,Kohtler,1978-04-09,1,20908.07,Research and Development,2022-04-13 03:07:43,5
437,Cornall,Redon,1975-01-08,0,17471.8,Human Resources,2022-03-11 04:23:04,2
438,Charmion,Yanson,1988-03-26,0,27761.3,Accounting,2022-11-16 04:49:16,4
439,Ring,Southouse,1999-03-01,1,19562.14,Legal,2022-01-20 00:36:05,2
440,Cass,Haughey,1973-04-14,1,15540.11,Sales,2022-02-20 00:39:59,3
441,Glynda,Piel,1979-07-23,0,7730.26,Sales,2022-09-27 15:38:30,4
442,Bibbie,Pentecost,1989-04-08,0,22106.85,Product Management,2022-06-24 03:37:24,4
443,Emmy,Thynne,1977-07-03,0,4467.1,Product Management,2022-09-25 07:39:05,6
444,Brendin,Nisbet,1972-09-17,0,19554.31,Engineering,2022-08-23 12:31:17,4
445,Leo,Bridges,1981-03-09,1,4773.6,Sales,2022-10-20 07:00:09,5
446,Joellyn,Figure,1979-12-05,1,26763.27,Sales,2022-08-25 18:26:54,3
447,Ag,Hardaway,1979-05-06,0,12102.59,Marketing,2022-02-01 01:14:20,2
448,Marje,Lobell,1986-01-08,1,10776.49,Engineering,2022-05-31 05:49:20,1
449,Bride,Twelvetrees,1985-03-22,0,16785.22,Business Development,2022-05-06 22:42:26,3
450,Curr,MacCosty,1982-01-06,1,6268.02,Product Management,2022-04-19 11:24:10,1
451,Janeczka,Lovekin,1976-10-30,0,18005.72,Research and Development,2022-09-29 12:41:02,3
452,Wood,Beaven,1986-03-13,1,22332.31,Human Resources,2022-10-12 22:58:57,6
453,Feliza,Macey,1996-07-11,0,25050.65,Engineering,2022-05-19 05:24:22,4
454,Albertine,Mansion,1976-11-01,0,23679.24,Business Development,2021-12-10 01:59:34,5
455,Cass,Terren,1986-05-14,1,18823.73,Business Development,2022-04-03 13:09:50,5
456,Peggy,Greiswood,1979-10-19,1,27629.35,Human Resources,2022-07-26 06:27:30,6
457,Vida,Crammy,1985-04-12,0,17528.63,Research and Development,2022-08-07 08:46:19,6
458,Delmar,Heyburn,1982-07-26,0,26319.34,Accounting,2022-05-04 07:43:38,6
459,Shem,Izhak,1993-01-11,1,21203.75,Human Resources,2022-04-05 07:53:09,3
460,Dario,Hollow,1970-04-15,0,18419.2,Support,2022-08-28 12:15:24,6
461,Kristofor,Kulis,1995-12-17,1,7953.74,Accounting,2022-07-05 03:22:55,2
462,Zaneta,Munkley,1991-10-16,0,24817.09,Research and Development,2022-01-23 07:03:30,4
463,Christopher,Tewkesbury,2000-10-12,1,13401.51,Business Development,2022-09-04 21:16:35,6
464,Dorolice,Bozworth,1973-01-21,1,18874.42,Research and Development,2022-03-07 20:49:33,3
465,Hew,Harner,2000-02-22,0,18431.62,Marketing,2022-05-31 13:57:33,4
466,Lorrie,Kezor,1980-11-13,1,22245.55,Sales,2022-07-03 21:41:05,1
467,Gian,Bartholomew,1996-03-29,1,12351.67,Services,2022-11-19 21:22:36,3
468,Marney,Wolfindale,2000-06-20,1,21685.61,Engineering,2022-11-09 10:59:00,1
469,Stephie,Steed,1996-01-17,1,19140.36,Human Resources,2022-10-17 20:26:34,3
470,Nichole,Hatterslay,1973-09-25,0,3294.24,Research and Development,2022-08-10 16:08:49,3
471,Chantalle,Quixley,1988-02-23,1,18952.51,Services,2022-08-21 20:32:08,5
472,Jimmie,Aylwin,1992-07-22,1,26709.21,Business Development,2022-10-02 02:23:44,5
473,Hayyim,Jeschner,1972-09-19,1,10341.8,Accounting,2022-04-17 18:28:18,2
474,Annis,Fendley,1976-07-12,0,15900.9,Training,2022-09-08 14:34:55,4
475,Madelina,Overnell,1998-10-03,1,20911.94,Product Management,2022-05-31 17:24:26,6
476,Elfreda,Tollfree,1970-02-17,1,9194.92,Accounting,2021-12-26 22:36:18,2
477,Nichols,Sattin,1981-06-16,0,7847.78,Business Development,2022-03-25 20:43:04,3
478,Annabella,Hugin,1979-12-02,0,2961.97,Training,2022-09-07 16:57:22,6
479,Geri,Elmhurst,1980-06-14,0,5567.74,Training,2022-11-16 12:00:21,1
480,Joyce,Daykin,1979-11-22,1,7169.49,Product Management,2022-06-09 19:18:41,4
481,Marietta,Sells,1979-03-15,0,29313.63,Product Management,2022-07-29 23:04:18,3
482,Lavinie,Paddie,2001-02-02,1,1886.28,Research and Development,2021-12-13 19:11:53,2
483,Janice,Rothschild,1986-04-29,0,16616.61,Sales,2022-10-28 02:59:59,4
484,Lon,Thornham,1973-03-18,0,2343.03,Business Development,2022-07-07 06:34:18,4
485,Quintin,Herion,1979-08-12,1,26012.47,Support,2022-06-25 21:54:35,2
486,Tildy,Koeppe,1971-07-13,1,23971.56,Services,2022-11-26 01:41:42,2
487,Emma,Raspison,1985-09-29,0,20460.18,Human Resources,2022-07-02 10:54:31,2
488,Townie,Valentinetti,1985-08-04,0,15005.11,Accounting,2022-06-21 22:47:00,4
489,Opal,Jori,1970-10-16,0,28074.75,Human Resources,2022-02-08 14:44:48,2
490,Krystalle,Doblin,1972-09-13,0,2487.03,Engineering,2022-07-16 20:58:11,6
491,Avrit,Eversfield,1977-07-27,1,26207.96,Business Development,2022-03-08 17:58:23,1
492,Town,Duberry,1996-06-18,1,7514.09,Engineering,2022-06-03 00:47:34,5
493,Robina,Ambrogi,1975-03-10,0,15427.39,Sales,2022-11-02 19:24:28,2
494,Aila,Sobtka,1991-11-10,1,23132.88,Sales,2022-05-28 08:44:09,5
495,Aridatha,Fenech,1971-03-12,1,27599.57,Support,2022-11-01 15:16:54,1
496,Maegan,Mogenot,1988-07-23,0,16325.48,Engineering,2022-05-04 04:47:42,1
497,Brandy,Ferro,1982-04-15,1,15184.26,Services,2022-10-12 16:05:25,1
498,Tucky,Fleischer,1976-03-14,1,13805.74,Business Development,2021-12-22 08:25:52,1
499,Danny,Twittey,2001-02-25,0,7993.65,Training,2022-08-02 03:52:33,2
500,Cort,Viles,1971-08-13,0,24812.89,Support,2021-12-17 10:33:20,3
501,Sue,Westrey,1978-08-17,0,10165.67,Human Resources,2022-03-14 09:18:44,2
502,Moselle,Woodcroft,2000-09-22,1,20260.82,Marketing,2022-05-09 03:46:10,6
503,Ali,Luttgert,1983-09-15,0,15724.15,Sales,2022-10-29 06:28:18,4
504,Georgette,Grumbridge,1972-10-29,0,28838.68,Business Development,2022-04-09 09:08:47,5
505,Bea,Pretsel,1980-11-14,1,29123.88,Support,2022-10-15 07:25:33,1
506,Townsend,Bamlet,1981-07-13,0,5493.56,Marketing,2022-01-24 00:29:23,6
507,Clemmie,Loughhead,1992-09-08,0,29578.11,Research and Development,2022-10-22 21:31:13,1
508,Constantia,Cicchinelli,1989-12-21,1,14053.35,Accounting,2022-01-15 03:39:28,5
509,Dani,Manuely,1990-10-09,1,9274.0,Sales,2022-03-31 01:48:11,2
510,Sheffy,Rochford,1997-09-30,0,24775.27,Marketing,2022-10-08 12:00:24,6
511,Toby,Agerskow,1986-05-12,0,19188.63,Sales,2022-07-14 04:32:10,6
512,Karmen,Stamper,1978-08-26,1,21226.83,Accounting,2021-12-29 23:13:48,3
513,Sayre,Abelov,1976-08-14,0,20196.37,Product Management,2022-09-14 10:26:33,3
514,Adelice,Pesik,1996-02-25,0,11829.31,Sales,2021-12-17 11:18:51,2
515,Galvin,Trayhorn,1982-04-10,1,25562.92,Product Management,2022-06-22 10:58:24,5
516,Drona,Blackadder,1973-10-31,1,23405.76,Human Resources,2022-03-18 03:39:13,3
517,Lacee,Lovett,1974-02-05,1,12730.55,Training,2022-03-05 12:19:10,5
518,Penny,Headford,1990-07-10,0,18637.67,Research and Development,2022-03-07 08:27:58,2
519,Madelon,Manna,1978-02-18,1,7734.14,Accounting,2022-07-10 01:18:24,1
520,Sabra,Sutehall,1995-09-18,1,13526.83,Business Development,2022-03-03 10:32:04,1
521,Laetitia,Altham,1976-07-19,1,14216.31,Accounting,2021-12-08 17:16:02,1
522,Collete,Searsby,1977-06-23,1,1755.45,Business Development,2022-11-08 01:18:18,6
523,Tanney,Strahan,1991-03-16,0,16898.6,Training,2022-10-14 00:47:34,4
524,Hali,Rubbens,1996-03-29,0,9686.1,Engineering,2022-06-22 08:42:55,3
525,Genevieve,Ferriday,1984-06-06,0,26233.22,Business Development,2022-01-08 14:31:29,3
526,Job,Nesterov,1987-12-12,0,11536.53,Business Development,2022-05-07 19:30:25,3
527,Hale,Kingaby,1973-12-25,1,18623.17,Human Resources,2021-12-17 01:22:43,2
528,Claybourne,Gogerty,1979-10-08,0,3718.81,Product Management,2022-08-27 03:13:22,5
529,Wylie,Renshell,1985-02-23,1,12705.72,Engineering,2022-05-17 21:01:02,2
530,Joni,Stainsby,1986-05-11,0,13665.64,Training,2022-11-28 08:37:32,5
531,Eleanor,Spelwood,1992-05-19,0,25993.49,Product Management,2022-06-28 07:05:12,4
532,Ulrick,Durram,1992-09-25,0,13558.24,Human Resources,2022-04-16 18:11:58,6
533,Howard,Lea,1991-10-14,1,28725.58,Training,2022-05-02 17:43:40,4
534,Carolan,Butner,2001-02-23,0,16863.45,Human Resources,2022-07-23 07:02:49,1
535,Ogdan,Fane,1981-11-08,0,6754.49,Business Development,2022-04-04 19:41:34,6
536,Morgen,Wiggall,1992-04-25,1,7545.23,Services,2022-04-22 00:54:51,4
537,Andi,Maffia,1984-06-27,0,8080.66,Research and Development,2022-02-02 22:44:10,2
538,Bree,Oldall,1983-06-04,1,26633.5,Marketing,2022-01-03 00:15:08,5
539,Leo,Tison,2001-11-20,1,7621.85,Accounting,2022-09-07 10:15:50,6
540,Westbrooke,Pugh,2001-11-12,0,28353.35,Research and Development,2022-08-05 17:20:21,6
541,Sophi,Thombleson,2000-09-25,1,28161.41,Product Management,2022-05-15 11:03:10,1
542,Deborah,Verheijden,1986-06-17,0,13562.45,Product Management,2021-12-22 03:23:34,5
543,Tilly,Slator,1994-09-22,1,15854.54,Legal,2022-11-19 03:10:11,4
544,Laurel,Theobald,1981-11-15,0,27410.58,Sales,2022-05-19 06:48:24,2
545,Chilton,Pavelin,1973-01-21,0,23594.83,Business Development,2022-08-26 17:56:17,5
546,Stanislaus,Infante,1994-07-29,1,29290.14,Business Development,2022-07-02 21:50:38,4
547,Hally,Mapes,1998-01-12,0,8957.57,Services,2021-12-21 06:55:28,2
548,Nessie,Jupp,1998-07-17,0,19506.74,Accounting,2022-04-27 14:08:13,3
549,Sibylle,MacRorie,1987-11-16,0,14219.16,Legal,2022-05-23 18:21:01,1
550,Pieter,Lambol,1997-10-20,0,18734.12,Marketing,2021-12-29 06:35:21,3
551,Stavro,Renney,1982-11-20,1,27982.52,Services,2022-11-13 07:10:11,5
552,Jenilee,Camus,1992-02-18,1,26627.01,Accounting,2022-03-21 12:57:47,5
553,Alejoa,Glauber,1975-03-01,1,7207.06,Engineering,2022-06-10 05:46:32,3
554,Desdemona,Rolfs,1980-02-19,1,7115.4,Research and Development,2022-03-05 13:08:59,4
555,Dario,Collumbell,1998-09-29,1,23374.93,Sales,2022-06-24 06:16:05,4
556,Holly-anne,Leathwood,1987-01-26,0,22687.3,Services,2022-07-20 16:26:17,1
557,Hynda,Hast,1975-10-24,0,17744.5,Support,2022-07-29 18:11:46,1
558,Pieter,Liddy,1976-05-02,0,19108.93,Services,2022-03-20 01:39:15,1
559,Crichton,Dealy,1990-12-01,1,21797.38,Research and Development,2022-02-24 14:05:40,6
560,Saunderson,Slimm,1999-01-02,1,25751.47,Legal,2022-05-20 13:15:35,6
561,Frank,Tefft,1973-09-08,0,19218.0,Support,2022-03-27 01:33:41,1
562,Celisse,Swaddle,1988-04-12,0,10883.61,Product Management,2022-07-01 06:49:03,4
563,Gothart,Ferrari,1975-06-30,0,12571.66,Human Resources,2022-06-04 22:32:44,1
564,Cornelle,Spier,1978-04-15,1,4284.58,Business Development,2022-08-19 01:46:23,3
565,Maible,Sprey,1970-10-14,1,11554.35,Sales,2022-10-01 16:49:06,4
566,Paxon,Witherden,1974-12-01,1,4911.21,Training,2022-04-01 08:09:03,4
567,Gerald,Sebert,1996-04-02,1,14821.22,Research and Development,2022-02-13 16:33:28,5
568,Amalle,Hirtz,1981-04-18,1,27865.24,Training,2022-05-23 19:54:07,4
569,Samara,Dansie,1997-04-03,1,2902.51,Services,2022-08-10 16:38:57,3
570,Mel,Sprackling,1972-07-05,1,7454.97,Services,2022-01-07 22:27:18,6
571,Talbert,Kondratenya,1976-04-08,0,24081.65,Training,2022-05-24 10:07:02,4
572,Paula,Benedict,1996-06-16,0,27639.56,Research and Development,2021-12-20 07:59:48,4
573,Elvera,Dood,1985-05-08,1,8962.78,Services,2022-04-12 04:16:30,3
574,Camilla,Parcells,1993-12-02,0,17879.5,Services,2022-04-10 20:52:07,2
575,Sandy,Potten,1991-08-11,0,3443.34,Support,2022-11-03 09:34:44,5
576,Kelcy,Calcraft,1998-02-24,1,19647.91,Legal,2021-12-22 16:25:14,3
577,Leoine,Rieme,1971-03-03,1,26320.18,Accounting,2022-05-28 10:54:23,5
578,Oswald,Bisacre,1973-05-07,1,17067.95,Product Management,2022-11-30 04:07:23,6
579,Rahal,Skelhorne,1999-08-12,1,4219.99,Sales,2022-05-31 06:20:06,6
580,Urbanus,Powley,1990-09-04,0,14702.01,Accounting,2022-01-28 19:36:09,1
581,Cletis,Broadbridge,1974-10-22,0,29477.19,Legal,2022-04-11 22:46:59,2
582,Victoria,McArthur,1980-10-04,1,14387.42,Engineering,2021-12-18 22:22:43,3
583,Cyrill,Bodley,1973-11-17,1,16164.89,Marketing,2022-10-25 04:20:28,3
584,Emmerich,Redhole,1972-04-22,0,25592.69,Sales,2022-06-26 18:07:58,6
585,Rosalinda,Steward,1977-03-01,0,22561.98,Product Management,2022-06-28 15:01:46,4
586,Trevar,Atherton,1971-03-06,0,20675.3,Training,2022-02-24 10:25:39,5
587,Bale,Westraw,1978-10-08,1,4535.74,Accounting,2022-06-10 07:12:04,4
588,Shirley,Sterte,1997-08-14,0,5256.76,Business Development,2022-09-29 05:24:41,1
589,Wain,Somerton,1997-02-11,1,18020.22,Research and Development,2022-11-18 21:42:31,1
590,Germayne,Tomaszkiewicz,2000-01-21,1,23831.73,Accounting,2022-10-25 08:37:32,1
591,Aubry,Noad,1983-10-23,0,17090.49,Sales,2022-06-14 12:47:30,4
592,Eleanore,Tyrwhitt,1970-10-13,0,15963.63,Training,2022-04-11 06:10:39,4
593,Aubert,Karolowski,1999-06-21,1,17283.42,Support,2022-10-24 02:41:02,4
594,Annelise,Domek,1990-10-29,1,26847.73,Training,2022-01-01 20:42:43,5
595,Floris,Crissil,1989-02-10,0,8634.23,Engineering,2022-10-08 04:20:42,6
596,Vinson,Coltan,1984-11-25,0,9331.14,Accounting,2022-02-17 01:34:03,5
597,Peter,Bergeau,1975-02-11,1,15269.22,Accounting,2022-07-25 05:40:32,2
598,Rowland,Sarge,1974-08-07,1,16033.75,Legal,2022-03-01 15:21:42,3
599,Quintana,Guinness,1994-03-17,0,20624.15,Accounting,2022-10-11 00:34:40,5
600,Yul,Perocci,1974-09-09,1,29962.15,Services,2022-07-07 13:20:53,1
601,Robinet,Boarder,1980-06-02,1,22435.89,Training,2022-07-20 18:23:44,5
602,Dickie,Larvent,1986-07-17,0,28666.3,Engineering,2022-01-31 17:22:19,5
603,Wendeline,Chivers,2001-04-10,0,1617.52,Training,2022-07-13 18:47:28,2
604,Silvie,Scarborough,1975-07-15,0,27020.73,Support,2022-06-27 08:02:57,3
605,Hubert,D'eathe,1982-07-26,1,7214.24,Business Development,2021-12-29 04:08:13,4
606,Sephira,Paolini,1984-08-13,1,19927.81,Human Resources,2022-04-22 07:17:45,4
607,Rowan,Ingliby,1991-10-20,0,7224.43,Legal,2022-03-12 01:43:05,6
608,Gregory,Byrcher,1974-05-22,0,22276.88,Sales,2022-05-11 09:22:19,6
609,Ignacius,Boud,1975-06-24,0,26017.96,Engineering,2022-03-13 18:25:29,1
610,Vale,Campe,1983-03-02,1,27757.15,Business Development,2022-05-04 08:33:27,1
611,Elsi,Vannah,1974-02-23,1,10403.94,Training,2022-11-30 21:34:42,2
612,Fredi,Dagg,1990-12-02,1,3088.96,Engineering,2022-11-25 17:55:56,5
613,Toby,Morrallee,1987-06-15,0,7427.59,Business Development,2022-10-31 22:18:18,2
614,Melanie,Nicholson,1987-04-26,0,6949.8,Business Development,2022-10-01 14:22:16,2
615,Matti,Pogson,1972-09-04,1,28810.57,Sales,2022-03-29 07:17:51,3
616,Kynthia,Jope,1988-07-29,1,23821.22,Legal,2022-05-21 13:09:48,1
617,Adrianne,Siemandl,1972-07-13,1,6892.0,Training,2022-07-27 00:00:28,4
618,Loreen,McOnie,1985-06-18,0,1978.89,Support,2022-07-09 00:17:17,3
619,Dav,Veall,1986-09-06,1,3933.81,Support,2022-04-13 10:02:29,4
620,Devora,Atcheson,1979-07-29,0,7979.14,Engineering,2022-06-30 18:28:59,6
621,Val,Paulucci,1989-01-03,1,18893.18,Legal,2021-12-04 23:26:36,5
622,Stanford,Stefanovic,1998-12-27,1,29325.31,Support,2022-08-07 20:46:31,1
623,Brendin,MacNamara,1999-10-25,1,12241.05,Sales,2021-12-28 00:41:22,1
624,Cyrill,Coote,1989-04-02,0,10606.3,Support,2022-05-03 09:00:42,5
625,Patrizia,Fazakerley,1986-04-29,0,27623.46,Legal,2022-02-02 12:12:51,2
626,Lazarus,Lytlle,1992-11-03,0,4955.73,Research and Development,2022-01-23 23:51:59,2
627,Addy,Hales,1975-01-19,1,28587.33,Research and Development,2022-09-09 07:48:37,6
628,Derron,Wakenshaw,1970-01-30,0,8737.93,Business Development,2022-03-07 14:54:54,5
629,Carmina,Browse,1991-02-25,1,26885.97,Business Development,2022-04-17 00:01:42,5
630,Odelle,Pietasch,1982-08-05,0,18395.33,Sales,2022-09-19 11:45:09,5
631,Elfrieda,Jeacocke,1992-10-25,1,13969.21,Services,2022-04-20 12:04:47,6
632,Garwood,Rowler,2001-08-23,0,29413.04,Training,2022-03-03 08:01:46,2
633,Marianna,Grcic,1996-11-04,1,23567.74,Legal,2022-04-25 07:39:20,5
634,Claiborne,Casazza,1971-08-28,0,4876.79,Sales,2022-04-04 00:09:20,1
635,Lukas,Melsom,1987-11-04,1,4693.46,Engineering,2021-12-14 12:48:09,5
636,Bertrand,Casina,1980-02-16,1,23082.34,Research and Development,2022-07-23 23:47:45,5
637,Eunice,Jakubczyk,1994-01-14,1,7996.5,Product Management,2022-03-02 01:30:20,1
638,Vinita,Bricket,1975-04-30,0,22176.7,Research and Development,2022-10-05 04:39:12,3
639,Lannie,Duer,1980-06-13,1,29682.16,Accounting,2022-10-27 05:37:51,2
640,Heywood,Brummell,1977-08-15,0,5651.1,Product Management,2022-01-31 00:21:56,1
641,Gerianne,Elward,1975-01-03,0,6822.16,Product Management,2022-03-09 22:14:14,1
642,Jane,Hirth,1995-08-07,1,20543.51,Sales,2022-10-19 23:55:06,4
643,Doris,Crunden,1970-01-07,1,9775.72,Support,2021-12-28 05:39:55,5
644,Dorise,Coen,1984-10-17,0,14979.14,Services,2021-12-01 16:55:55,3
645,Rea,Abilowitz,1982-12-14,1,4522.39,Services,2022-11-26 21:52:15,3
646,Bernardine,Silbersak,1994-11-28,1,9600.23,Support,2022-06-11 06:15:44,1
647,Clari,Romer,1971-06-18,0,20189.31,Product Management,2022-08-09 10:25:06,1
648,Jason,Pavese,1983-03-09,0,29065.11,Legal,2022-06-03 07:01:35,5
649,Lindsy,Ahmed,1987-05-27,1,8511.21,Sales,2022-11-27 02:01:58,3
650,Elli,Nacey,1982-03-15,1,17939.87,Legal,2022-06-14 12:40:06,3
651,Baldwin,Daouze,1977-11-18,0,12376.31,Research and Development,2021-12-31 02:09:08,4
652,Pepita,Creswell,1987-02-27,0,10589.53,Legal,2022-11-02 07:28:58,1
653,Aurelie,Jewise,1977-05-06,0,17635.09,Product Management,2022-08-19 11:15:44,2
654,Livvie,Iacobucci,1971-11-26,1,11033.6,Sales,2022-11-25 21:15:30,4
655,Terrell,Jayes,1995-10-20,0,5795.13,Accounting,2022-05-22 23:35:54,3
656,Thurstan,Vickery,1970-07-27,0,5067.33,Marketing,2022-10-27 01:12:56,1
657,Gusella,Fyndon,1979-09-05,1,27304.63,Human Resources,2022-05-18 06:26:07,5
658,Mirabella,Letts,1983-02-09,0,24901.08,Training,2022-05-18 06:05:23,1
659,Eula,Dunderdale,2001-11-03,1,27857.22,Business Development,2022-03-24 17:52:40,6
660,Griff,De Mitris,2000-05-17,0,5238.83,Accounting,2022-04-28 17:02:38,6
661,Mickie,Rottger,1977-02-21,1,16462.09,Human Resources,2021-12-16 00:50:37,3
662,Brittan,Gauthorpp,1999-08-19,0,16624.16,Services,2022-06-02 21:18:37,4
663,Adan,Ownsworth,1994-06-24,0,16158.22,Research and Development,2021-12-19 07:23:10,6
664,Cory,Ennor,1999-08-15,0,29436.16,Research and Development,2021-12-07 23:37:16,6
665,Itch,Spooner,1993-03-14,0,16803.33,Services,2022-03-30 16:15:42,1
666,Ninette,Rhodus,1983-03-18,0,10646.46,Support,2022-04-11 21:43:16,4
667,Dolly,Foskew,1973-07-13,1,19909.48,Business Development,2021-12-09 19:41:58,4
668,Selma,Wisdom,1981-03-15,0,28472.63,Training,2022-03-08 05:41:11,4
669,Basil,Fairbourn,1973-08-23,0,4235.22,Human Resources,2021-12-20 03:49:46,4
670,Lindi,Edgerton,1980-03-17,0,12335.4,Support,2022-03-30 05:13:52,6
671,Kyle,Doncaster,1990-05-13,0,17095.89,Business Development,2022-10-26 17:08:09,4
672,Tabor,Warbeys,1970-02-16,1,10402.68,Legal,2022-03-20 07:28:48,3
673,Halsey,Schoenleiter,1988-09-01,0,4172.28,Accounting,2021-12-05 21:45:55,1
674,Gill,Townsend,1983-12-09,1,7161.03,Support,2022-10-24 22:13:45,1
675,Gaile,Orhrt,1993-04-08,0,2397.43,Marketing,2022-10-30 19:16:05,6
676,Kirby,Ivannikov,1989-01-22,1,23159.33,Business Development,2022-05-10 00:00:47,3
677,Rutger,Insoll,1976-11-05,0,11617.75,Product Management,2022-11-13 09:04:19,4
678,Dulcy,Allicock,1983-07-13,0,23065.58,Support,2022-09-23 13:10:05,3
679,Karel,Itskovitz,1988-07-16,0,14756.48,Services,2022-03-18 08:51:11,1
680,Dara,Pagram,1974-01-28,0,18194.14,Training,2022-10-20 07:35:36,1
681,Ivie,Klaiser,1990-04-24,0,26701.23,Training,2022-08-03 23:20:03,3
682,Elfrida,Braunroth,1990-09-02,0,17548.52,Support,2022-11-03 17:56:05,5
683,Pamelina,Akeherst,1991-09-29,1,26442.45,Business Development,2022-05-10 13:32:14,3
684,Roanna,Lyles,1975-08-24,0,6660.71,Sales,2022-05-19 22:50:10,2
685,Brandise,Edmott,1990-07-12,0,1960.42,Services,2022-04-14 22:30:24,6
686,Jodi,Johnikin,1999-06-08,1,11759.09,Research and Development,2022-09-15 13:39:40,5
687,Arte,Zanicchi,1975-02-13,1,25987.09,Human Resources,2022-10-30 05:35:27,4
688,Moll,Reckless,1984-02-10,1,20483.87,Training,2022-02-22 20:09:50,3
689,Madelyn,Loakes,1973-08-16,1,14429.83,Legal,2022-07-26 03:10:52,1
690,Odele,Ludmann,1991-06-21,1,5957.28,Research and Development,2022-09-12 08:19:28,1
691,Marrilee,Tarply,1981-12-30,0,4140.72,Engineering,2022-11-28 08:50:31,5
692,Jackquelin,Wallwork,1985-03-17,0,9682.66,Business Development,2022-11-01 02:41:57,1
693,Francisco,Dealy,1998-01-21,1,24188.26,Engineering,2022-01-11 10:13:07,4
694,Val,MacKartan,1970-02-02,0,2221.5,Engineering,2022-08-17 01:09:39,3
695,Jermaine,Gollard,1972-03-18,1,12130.18,Engineering,2022-01-13 13:29:18,6
696,Berna,Bassil,1973-04-30,0,13654.66,Sales,2022-03-27 14:01:19,6
697,Miltie,Guile,1974-01-02,1,28761.11,Business Development,2022-01-03 13:24:51,2
698,Lamar,Muat,1980-05-05,0,23234.48,Product Management,2022-04-07 17:57:59,3
699,Roman,Norker,1970-07-26,1,3327.86,Business Development,2022-01-06 07:14:26,5
700,Hamel,Strooband,1993-02-15,1,29887.73,Human Resources,2022-08-30 20:20:18,3
701,Garwin,Ebbins,1987-07-04,0,17531.4,Support,2022-09-08 20:26:41,3
702,Linea,Wadley,1989-04-05,1,11488.55,Sales,2021-12-25 13:08:27,1
703,Dorine,Chaplain,1979-02-17,0,25048.64,Support,2022-06-29 06:40:44,1
704,Melisse,Vinecombe,1995-10-01,1,24451.42,Training,2022-05-12 17:17:22,4
705,Ariana,Tinham,1982-04-11,0,1678.9,Business Development,2022-01-03 10:27:45,4
706,Alessandra,Maseres,1983-04-04,0,26245.98,Sales,2021-12-11 17:57:04,6
707,Ronica,Waddoups,2000-07-28,1,22180.71,Sales,2022-07-29 04:02:22,4
708,Susy,Kirman,1990-03-19,1,15691.24,Engineering,2022-02-27 21:04:27,4
709,Laryssa,Bendik,1979-06-12,1,5080.74,Training,2022-03-06 15:02:32,3
710,Konstantine,Patshull,1981-09-12,0,6945.37,Research and Development,2022-05-07 20:09:19,1
711,Celka,Townby,1997-10-21,1,28779.12,Accounting,2022-05-01 17:54:25,4
712,Dell,Dieton,1991-02-18,1,21213.45,Legal,2022-02-23 03:47:38,2
713,Antonietta,Gout,1982-04-20,1,24452.09,Support,2022-06-24 21:21:00,1
714,Alejoa,Hollingby,1985-03-11,1,2411.98,Product Management,2022-10-07 20:10:30,1
715,Dene,Simenot,1987-11-05,1,6258.03,Research and Development,2022-09-20 17:43:26,3
716,Dyna,Fifield,1986-06-03,0,27261.49,Human Resources,2021-12-10 18:41:23,2
717,Bertrando,Grishakov,1983-01-10,1,9919.24,Training,2022-04-02 11:35:11,2
718,Godfree,Elderton,1997-03-24,1,22703.66,Research and Development,2022-09-05 21:01:39,1
719,Jerrie,Pink,1996-05-09,0,6220.3,Product Management,2022-01-06 04:19:35,3
720,Saidee,Cardno,1970-04-07,1,26974.12,Support,2022-11-04 00:52:08,4
721,Roma,O'Glassane,1981-12-14,0,12018.44,Human Resources,2021-12-28 05:22:14,5
722,Moore,Hamstead,1995-07-19,1,7558.66,Business Development,2022-06-28 01:58:08,4
723,Bernetta,Kubczak,2001-01-03,1,9571.9,Marketing,2022-04-17 14:12:11,4
724,Mendie,McTurlough,1990-06-05,0,2593.43,Support,2022-02-20 14:20:22,2
725,Bank,Baldacchi,1993-12-04,0,17131.09,Training,2022-03-26 23:52:28,3
726,Norean,Adamovitch,1980-05-24,1,23285.35,Engineering,2022-01-08 22:08:35,2
727,Ford,Klaes,1977-02-19,0,15683.85,Training,2022-07-03 17:08:28,4
728,Sal,Corro,1982-02-21,1,18589.48,Product Management,2022-01-07 06:54:32,1
729,Maud,Cannell,1980-05-03,0,14836.91,Product Management,2022-08-29 05:09:51,3
730,Matelda,Medcalf,1974-04-26,0,8684.86,Support,2022-03-29 11:36:01,2
731,Bride,Preddle,1997-02-08,0,8656.23,Support,2021-12-09 20:24:23,4
732,Ottilie,Lyster,1978-10-15,0,19797.89,Accounting,2022-10-10 00:28:41,1
733,Alan,Allright,1986-11-16,1,18465.78,Research and Development,2022-05-17 14:50:42,3
734,Wyn,Gerran,1977-12-19,0,17075.26,Accounting,2021-12-06 14:24:25,2
735,Lennard,Crosskill,1994-12-06,1,15239.96,Legal,2022-02-10 18:14:20,1
736,Alta,Bohling,1977-01-25,0,6372.15,Services,2022-09-30 03:11:30,6
737,Berenice,Giffard,1980-07-24,0,12399.97,Research and Development,2022-02-26 09:37:34,5
738,Veriee,Minchin,1982-10-11,0,2536.0,Business Development,2022-04-22 19:33:48,5
739,Drusi,Goodbody,1973-02-28,0,29143.01,Marketing,2022-03-18 13:35:58,2
740,Berri,Muskett,1977-12-23,0,8848.9,Product Management,2022-05-27 05:37:15,4
741,Hynda,Canland,1988-01-03,0,6757.9,Research and Development,2022-11-13 06:03:44,2
742,Xenia,Severy,1989-11-08,0,22347.3,Training,2022-03-14 05:06:58,2
743,Vikky,Hanratty,1994-05-27,0,26679.54,Product Management,2022-01-14 13:40:58,3
744,Janenna,Bremmell,1978-07-11,1,25508.16,Services,2022-10-25 05:20:12,6
745,Orin,Bartoshevich,1984-03-10,1,29947.83,Engineering,2022-11-28 22:47:40,5
746,Olivero,Antonio,1970-11-18,0,16714.43,Training,2022-11-07 05:30:36,6
747,Moss,Cady,1982-06-19,1,24978.77,Sales,2022-02-04 01:44:01,5
748,Tansy,Ausiello,1975-02-14,1,4211.76,Legal,2022-06-25 06:39:18,3
749,Ricard,Glanders,1988-07-05,1,15745.24,Marketing,2022-03-25 20:21:42,4
750,Baron,Hirthe,1984-06-30,0,10246.72,Support,2022-02-03 03:45:44,4
751,Rose,Colbron,1974-12-18,1,20218.47,Human Resources,2022-04-19 09:15:34,5
752,Sibyl,ffrench Beytagh,1997-09-30,1,24892.19,Training,2022-01-01 14:34:47,6
753,Cloris,Andrusov,1981-02-09,1,9309.12,Marketing,2022-06-07 17:57:28,3
754,Anica,Sebastian,1992-08-10,1,4171.75,Research and Development,2022-03-31 00:47:14,4
755,Marion,Coakley,1972-09-14,1,19442.95,Support,2022-05-22 12:02:28,6
756,Carmel,Bater,1972-08-13,1,23822.68,Engineering,2022-11-08 16:21:36,3
757,Torin,Descroix,1993-11-18,1,24606.2,Sales,2022-04-26 18:05:59,6
758,Ezechiel,Ricketts,1977-02-14,1,19479.38,Support,2022-10-20 20:55:26,2
759,Lori,Bearcock,1983-07-29,0,7924.12,Research and Development,2022-09-30 00:57:42,3
760,Ashlin,Goosey,1973-11-11,0,19346.11,Services,2022-05-10 17:42:06,4
761,Bibby,Niset,1990-02-02,1,1523.24,Support,2022-01-04 07:01:35,4
762,Arlette,Dumberell,1996-10-25,1,6256.07,Sales,2022-09-18 06:19:27,6
763,Olivette,Mowatt,1972-11-18,0,12757.8,Product Management,2022-11-01 12:35:08,1
764,Reinold,Jandourek,1974-11-08,0,25229.85,Support,2022-04-16 18:42:26,4
765,Gavan,Vosper,1970-02-06,1,25897.37,Business Development,2022-02-23 00:06:24,4
766,Fanni,Josef,1977-07-14,1,23055.1,Engineering,2022-02-23 21:59:24,2
767,Marlene,Klazenga,1975-03-01,0,27469.1,Services,2022-10-21 04:22:02,2
768,Carlina,Frood,1987-11-20,1,3016.27,Human Resources,2022-02-07 21:38:11,5
769,Alia,Jellard,1978-09-13,1,20110.01,Accounting,2022-11-14 13:28:44,5
770,Debee,McCreery,1987-11-19,1,23264.46,Research and Development,2022-03-11 08:51:23,6
771,Northrup,Hedman,1997-08-09,1,12572.43,Product Management,2022-11-13 00:04:00,6
772,Cherlyn,McMillian,1979-11-17,0,3633.9,Human Resources,2022-10-14 08:02:08,2
773,Minnnie,Fitzsymon,1994-11-04,0,15391.31,Training,2022-07-14 03:13:10,5
774,Lee,Van der Kruijs,1973-02-07,0,9338.36,Training,2022-05-01 05:45:20,5
775,Aldous,Reyes,1983-02-28,1,28540.76,Product Management,2022-07-27 04:38:24,3
776,Elston,Vakhrushev,1973-01-09,0,28700.82,Training,2022-07-18 16:35:39,2
777,Dedie,Sankey,1972-07-02,0,4440.08,Marketing,2022-11-14 03:16:46,5
778,Andres,Pereira,1971-05-26,1,8110.51,Services,2022-05-26 06:32:16,1
779,Ninnetta,Van der Krui,1987-07-02,1,18593.02,Engineering,2022-10-15 07:12:02,5
780,Nikki,Estable,1998-07-02,0,16115.44,Marketing,2022-04-04 13:28:15,5
781,Buck,Whacket,1979-12-18,0,10755.21,Sales,2022-01-06 03:51:42,4
782,Felix,Vel,1981-07-21,1,9025.07,Training,2022-08-24 10:37:59,3
783,Karlen,Annesley,1991-12-20,0,22766.94,Business Development,2022-08-06 07:45:47,4
784,Myrtice,Elcombe,1992-11-13,1,23758.24,Human Resources,2022-11-14 21:08:17,5
785,Annabela,McAuslan,1974-05-26,1,20680.67,Support,2022-10-27 01:55:02,5
786,Ave,Bodycomb,1978-09-07,1,27883.35,Research and Development,2022-11-02 13:27:26,4
787,Shepard,Henaughan,1997-03-01,1,6565.2,Product Management,2022-02-09 08:16:24,1
788,Hilario,Adderson,1991-06-29,1,2624.14,Accounting,2022-09-10 15:50:17,4
789,Kata,Creeghan,1978-08-30,1,25205.61,Engineering,2022-06-03 14:36:50,3
790,Kippie,Cloney,1982-04-20,1,20245.11,Product Management,2022-11-25 20:39:38,6
791,Fran,Di Bartolomeo,1988-01-10,1,16781.98,Product Management,2022-04-18 19:06:24,1
792,Normand,Mullinger,1991-02-07,0,17835.04,Human Resources,2022-03-16 16:12:22,5
793,Hettie,Alker,1998-01-13,0,11841.66,Research and Development,2021-12-07 20:41:02,3
794,Kristin,Playfoot,1971-09-12,1,4997.01,Accounting,2022-03-25 07:40:11,5
795,Teena,Bulger,1985-11-04,0,12280.47,Business Development,2022-01-15 02:10:25,5
796,Rogerio,Gallehock,1974-05-18,0,3177.89,Human Resources,2022-01-18 14:40:48,5
797,Wanda,Sanney,1975-03-13,0,18373.07,Engineering,2022-09-25 08:15:49,3
798,Dianne,Paddick,1995-12-06,0,6526.32,Business Development,2022-10-11 04:12:40,1
799,Ricky,Eve,1975-01-17,1,12307.41,Sales,2022-10-22 23:51:03,4
800,Mariana,McClenan,1974-10-20,0,28262.9,Sales,2021-12-07 04:03:45,1
801,Cheston,Shivlin,2000-08-06,0,2320.22,Product Management,2022-06-06 19:51:21,4
802,Rickie,Stenbridge,1981-04-20,0,22557.2,Research and Development,2022-02-12 06:59:00,6
803,Idell,Gerretsen,1979-02-10,0,7503.64,Engineering,2022-09-18 21:29:18,3
804,Cyrill,Jancik,1983-03-12,1,18593.23,Accounting,2022-03-28 12:35:59,2
805,Wadsworth,Lowcock,1975-07-12,0,4345.28,Human Resources,2022-09-07 02:29:57,5
806,Thurston,Mockler,1971-03-22,0,18878.17,Marketing,2022-11-08 06:17:29,4
807,Lorianna,Pendrich,2000-08-01,1,15839.57,Accounting,2022-05-28 06:04:45,4
808,Ardys,Bellham,1994-05-28,0,10838.54,Research and Development,2022-11-23 13:22:30,2
809,Stormie,Sijmons,1992-12-01,1,24050.13,Sales,2022-05-14 11:19:09,6
810,Hubey,Humpherson,1990-03-04,1,17414.41,Product Management,2021-12-02 19:02:16,1
811,Hank,Eble,1991-07-10,1,21971.75,Marketing,2021-12-16 11:57:06,4
812,Hannie,Loy,1970-10-22,0,27858.74,Training,2022-11-30 15:52:20,6
813,Sascha,Anthes,1999-08-17,1,9836.0,Legal,2021-12-21 06:30:36,3
814,Dari,Cadle,1984-05-11,1,26869.12,Marketing,2022-07-31 09:10:30,4
815,Hyacinthie,Wyley,1979-08-25,0,27031.51,Support,2022-02-20 21:06:30,6
816,Thekla,Gonnin,1982-11-22,1,14616.75,Human Resources,2021-12-07 18:27:30,3
817,Ingra,Chalfain,1983-03-15,1,23774.85,Accounting,2022-05-18 23:52:59,5
818,Katharine,Simonian,1988-01-15,1,17176.76,Legal,2022-01-23 23:16:57,1
819,Ellerey,Laugier,1989-03-23,0,6796.54,Support,2022-10-03 03:39:53,2
820,Gussi,Riseborough,2000-11-30,0,16749.31,Human Resources,2022-01-31 03:20:36,6
821,Jasun,Upex,1994-09-22,1,13798.86,Human Resources,2022-05-07 05:17:17,3
822,Barrett,Pengilley,1985-06-11,1,27211.31,Research and Development,2022-05-08 19:14:11,3
823,Tessa,Skingley,1996-06-05,0,5773.37,Research and Development,2022-05-01 08:11:02,4
824,Meyer,Shapland,1984-02-05,0,10210.74,Sales,2022-07-18 19:44:56,3
825,Gwenni,Libermore,1987-05-24,0,23529.93,Engineering,2022-04-06 15:22:08,5
826,Virginie,Skells,1984-01-17,1,8471.35,Marketing,2022-03-29 08:55:26,5
827,Burty,Bartali,2000-01-20,0,24036.61,Accounting,2022-04-20 13:47:56,1
828,Rochell,Vanyushkin,1975-10-23,0,2092.35,Business Development,2022-09-26 18:31:33,5
829,Lexi,O'Hogertie,1992-02-03,1,16472.95,Accounting,2022-05-31 23:47:18,5
830,Derril,Trytsman,2001-04-23,1,10083.52,Marketing,2022-01-18 01:22:57,2
831,Nadia,McIan,1989-11-24,0,20849.58,Marketing,2022-03-14 10:06:03,3
832,Ramsay,Hickinbottom,1985-07-09,1,20722.41,Services,2022-03-30 05:06:04,1
833,Emiline,McGeffen,1998-05-13,1,25886.86,Product Management,2022-04-15 02:11:22,4
834,Bret,Liddiatt,2000-09-10,0,10578.24,Accounting,2022-04-12 11:34:24,2
835,Aldrich,Daile,1988-09-03,0,6006.1,Legal,2022-03-05 22:58:17,6
836,Dasie,Raecroft,1998-04-25,0,29669.64,Training,2022-02-16 22:25:41,5
837,Edgard,Herreros,1971-10-07,1,29486.67,Business Development,2022-08-12 02:10:46,4
838,Cordelia,Kernley,1975-04-19,1,14908.1,Legal,2022-07-18 22:45:34,5
839,Sibel,Gytesham,1978-04-22,0,11162.11,Business Development,2022-01-21 01:25:40,3
840,Margaretta,Gallihaulk,1977-05-22,1,6520.67,Engineering,2022-09-20 13:59:59,1
841,Luciano,Ducket,1996-01-29,1,2697.88,Engineering,2022-05-21 23:05:43,5
842,Marge,Eyree,1987-03-11,1,13189.96,Sales,2022-11-27 00:24:58,3
843,Stuart,Izaks,1973-11-11,1,10243.91,Marketing,2022-07-13 05:47:04,4
844,Gunilla,Perillo,1995-12-06,0,6200.7,Human Resources,2022-01-04 21:13:27,5
845,Conan,Riddlesden,1993-04-04,1,21165.62,Business Development,2022-09-25 22:28:11,1
846,Sephira,Bowcock,1981-02-21,0,16305.19,Accounting,2022-01-15 04:46:56,1
847,Koo,Farndell,1972-09-10,1,7890.48,Training,2022-03-28 10:53:46,4
848,Perrine,Dowling,1990-11-30,1,4771.02,Human Resources,2022-03-04 08:33:35,6
849,Dael,Camden,1994-10-10,0,4693.43,Engineering,2022-01-30 03:50:30,5
850,Dana,Oatley,1996-11-05,0,23887.05,Research and Development,2021-12-01 04:27:25,1
851,Mirabel,Drewes,2000-10-25,0,15942.35,Services,2022-04-02 09:26:01,1
852,Beaufort,Cowie,1970-02-25,0,26431.83,Research and Development,2022-10-09 21:10:55,5
853,Correy,Rouf,1980-11-06,1,11327.39,Business Development,2022-08-08 02:22:39,2
854,Barty,Churchouse,1994-02-23,1,14717.82,Engineering,2022-05-15 17:10:43,3
855,Heda,Mellody,1998-07-16,0,15951.47,Product Management,2022-11-29 09:41:13,6
856,Anna-maria,Roussel,1979-11-16,1,9548.09,Sales,2022-11-02 02:11:43,2
857,Eunice,Louca,1973-07-23,0,21324.95,Marketing,2022-03-04 05:19:48,4
858,Gustave,Beviss,1976-09-24,1,28604.87,Product Management,2022-07-02 23:35:05,3
859,Dot,Whithalgh,1999-11-17,0,28322.04,Services,2021-12-02 05:26:16,3
860,Beret,Vogel,1983-07-20,1,13566.15,Legal,2022-08-27 18:12:56,6
861,Sarene,McBeath,1986-08-09,0,11857.85,Marketing,2022-07-12 14:34:56,4
862,Rodolphe,Woolham,1970-11-02,1,6738.57,Training,2022-04-05 20:42:49,5
863,Gloria,Degoy,1990-12-07,0,8388.14,Research and Development,2021-12-21 00:50:53,2
864,Pepito,Scotfurth,1981-05-07,1,21663.84,Product Management,2022-05-26 03:48:14,2
865,Darelle,McKimmey,1985-10-26,1,2305.54,Product Management,2022-09-01 12:17:52,4
866,Hugibert,Tunnick,1972-03-27,1,5831.57,Marketing,2022-03-19 04:57:33,3
867,Riccardo,Fish,1977-08-11,1,23658.54,Legal,2022-04-13 08:51:46,3
868,Tabina,Durbann,1982-07-09,1,22465.32,Marketing,2022-03-17 22:30:10,3
869,Anne-marie,Trembath,1986-08-22,0,3679.81,Services,2022-02-01 18:24:47,3
870,Jacenta,Shannon,2001-07-02,1,22803.02,Research and Development,2022-02-17 20:33:02,5
871,Kerrill,Srawley,1971-11-05,0,27630.48,Human Resources,2022-01-27 06:39:57,5
872,Ashleigh,Potbury,1981-06-13,1,9314.32,Business Development,2022-01-30 00:27:39,5
873,Emmye,Herity,1983-03-10,0,15912.79,Support,2022-05-01 13:52:39,3
874,Dill,Brecknall,1999-03-20,1,26121.6,Sales,2022-07-15 19:00:29,5
875,Harmonia,Aspinall,1997-12-19,0,10832.53,Business Development,2022-08-14 06:21:47,2
876,Zonda,Crush,1992-05-22,1,3383.44,Business Development,2022-11-22 19:55:36,3
877,Amil,Elgar,1975-05-05,0,21275.67,Accounting,2022-08-19 00:08:33,4
878,Bryon,Speller,1979-02-19,0,8314.71,Support,2022-07-22 04:36:34,5
879,Abbi,Scotney,1995-01-05,1,21449.68,Accounting,2022-09-07 10:45:54,1
880,Pauletta,Whiskerd,1982-07-06,0,9420.25,Engineering,2021-12-05 03:41:57,1
881,Kendell,Spon,1991-04-13,0,20931.59,Training,2022-02-27 07:30:18,2
882,Ody,Greatrex,1988-08-06,0,8885.3,Legal,2022-04-17 18:21:06,6
883,Joe,Shrimplin,1974-10-11,0,26612.28,Engineering,2022-09-01 11:07:55,3
884,Allie,Broadist,1978-09-19,1,5553.43,Support,2022-04-07 22:01:38,5
885,Vi,Frude,1990-08-10,1,14201.13,Research and Development,2022-06-18 20:06:50,6
886,Mord,Pietruszka,1990-09-22,0,11270.5,Research and Development,2022-07-16 07:41:26,5
887,Estele,Beathem,1983-06-12,0,26216.0,Research and Development,2022-02-28 03:20:09,6
888,Sherye,Rainford,1992-11-10,1,16647.74,Engineering,2022-05-17 20:49:17,6
889,Erik,Camplin,1981-04-07,1,24988.59,Engineering,2021-12-18 13:33:06,6
890,Eugene,Pickin,1995-03-18,0,16671.5,Marketing,2022-03-22 02:40:22,4
891,Shea,Kornes,1984-08-25,0,16039.17,Sales,2022-02-19 10:11:51,4
892,Legra,Darell,2001-03-07,0,14746.7,Services,2022-07-16 06:03:09,2
893,Brig,Heikkinen,1981-10-18,1,21131.37,Human Resources,2022-01-10 10:57:47,4
894,Karolina,Godon,1999-01-10,0,16940.54,Engineering,2022-02-05 23:38:36,3
895,Odetta,Conyard,1990-09-25,0,8815.1,Legal,2022-02-22 21:51:39,4
896,Ashli,Briat,1978-03-04,0,4676.34,Marketing,2022-06-01 23:40:50,4
897,Paige,Cassidy,1987-08-19,1,24884.56,Business Development,2022-02-12 23:20:25,3
898,Melinde,Dyball,1983-06-07,0,26218.15,Product Management,2022-10-30 20:33:12,5
899,Ozzie,Ponter,1982-10-24,0,23888.61,Human Resources,2021-12-15 23:44:01,2
900,Mason,Melladew,1984-08-29,1,20686.07,Training,2021-12-09 20:55:27,4
901,Sella,Housego,1970-05-12,1,6934.26,Accounting,2022-01-20 00:50:52,6
902,Red,Torre,1979-06-22,0,22472.84,Engineering,2021-12-22 13:59:59,4
903,Jocelyn,Bason,1996-03-01,1,21429.81,Accounting,2022-01-07 08:53:40,2
904,Byron,Romaines,1994-05-13,1,4920.18,Product Management,2022-11-28 05:06:13,4
905,Kali,Willans,1987-10-15,1,21924.05,Marketing,2022-10-15 06:52:38,4
906,Gussy,Boscher,1987-03-22,1,12704.73,Services,2022-06-09 10:57:21,3
907,Harvey,Culligan,1991-05-19,1,24954.99,Legal,2021-12-04 11:12:30,1
908,Phillida,McCowan,1994-05-18,1,14581.1,Services,2022-07-10 05:02:01,4
909,Malcolm,Cail,1997-06-04,1,19878.76,Product Management,2022-06-08 17:22:47,2
910,Iggie,William,1994-11-13,1,8613.11,Human Resources,2022-10-31 05:08:12,6
911,Reinhard,Gailor,1999-05-20,0,15814.45,Engineering,2021-12-15 02:26:54,4
912,Corabelle,Colville,1997-12-18,0,5329.35,Business Development,2022-09-28 17:36:47,6
913,Lin,Golding,1978-05-09,1,19386.66,Support,2022-03-25 10:42:58,3
914,Elbert,D'Onise,1976-07-11,1,4077.69,Services,2022-09-30 13:53:22,6
915,Ermanno,Bedbrough,1988-09-23,0,12794.83,Marketing,2022-09-25 10:31:37,5
916,Burr,Lardier,1976-08-22,1,14115.66,Sales,2022-04-24 21:17:00,4
917,Griffith,Plaschke,1995-10-02,0,29738.4,Marketing,2022-05-08 06:55:35,4
918,Celene,Andretti,1996-02-20,0,22989.56,Marketing,2022-07-02 09:23:42,5
919,Peggie,Dearn,1984-12-01,1,12559.6,Research and Development,2022-09-04 07:50:24,5
920,Leslie,Werrilow,1998-07-07,0,21006.08,Services,2022-05-15 07:56:13,2
921,Svend,Jobe,1999-05-28,0,15233.96,Product Management,2022-05-11 01:45:37,3
922,Virginie,Bartholat,1981-08-17,1,1728.97,Product Management,2022-08-10 11:16:18,3
923,Carmencita,Callar,1978-07-04,1,16884.64,Engineering,2022-06-01 02:06:18,2
924,Cosette,Blitzer,1987-09-18,1,7074.48,Engineering,2022-05-25 00:45:17,5
925,Arlen,Ianilli,1996-12-26,0,12091.96,Training,2021-12-23 17:23:31,1
926,Zulema,Bresson,1996-02-27,0,18900.54,Legal,2022-09-15 09:03:35,3
927,Dennie,Adran,1972-05-28,1,26828.02,Human Resources,2022-04-07 04:55:04,2
928,Bendicty,Brisset,1980-05-13,0,8955.2,Research and Development,2022-11-14 21:53:33,5
929,Natale,Petrina,2000-04-16,0,6624.85,Support,2022-04-29 14:46:19,6
930,Yoshi,Pizzey,1985-08-12,0,11539.02,Accounting,2021-12-12 04:21:50,4
931,Peder,Aleksandrikin,1984-04-02,0,9748.67,Product Management,2022-05-07 20:21:26,5
932,Myrna,Camplejohn,1986-01-05,0,8979.69,Support,2022-05-03 21:09:19,2
933,Yehudi,Dashkov,1988-11-21,0,6983.18,Human Resources,2022-08-12 08:46:07,4
934,Shepperd,Ambler,1980-11-30,1,3117.96,Training,2022-10-06 01:45:04,5
935,Chen,Kenewell,1989-07-03,1,10914.21,Research and Development,2022-08-08 13:24:59,1
936,Alta,Tredget,1974-04-15,0,5745.83,Training,2022-10-19 11:06:22,4
937,Tatiana,Sawer,1979-12-09,0,8739.89,Legal,2022-01-17 22:52:17,6
938,Linea,Suthworth,1984-05-07,1,19591.79,Engineering,2022-05-12 17:27:37,6
939,Goddart,Hearnes,1976-12-01,0,29000.07,Business Development,2022-02-25 06:49:22,3
940,Rafe,Jagiello,1999-01-06,1,17205.82,Engineering,2022-04-30 00:30:26,3
941,Griswold,Towne,1999-07-25,0,24717.35,Accounting,2022-08-16 08:57:13,6
942,Rosabelle,Golsworthy,2000-01-31,0,24296.66,Sales,2022-09-17 02:50:57,2
943,Hatty,Streather,1978-08-06,0,15489.25,Engineering,2022-09-26 11:47:23,1
944,Nevil,Bazell,2000-08-20,1,13193.53,Human Resources,2022-03-15 15:58:45,1
945,Corny,Garrattley,1991-10-07,1,28185.5,Human Resources,2022-09-09 20:30:06,2
946,Glenine,Butland,1978-11-09,0,29147.33,Support,2022-06-08 00:41:11,6
947,Babs,Greenhough,1999-12-20,0,1534.49,Research and Development,2022-11-27 07:32:10,5
948,Nickie,Elijahu,1991-04-08,0,2196.81,Support,2022-09-14 19:01:43,1
949,Yorgo,Pitfield,1974-04-07,1,21373.37,Sales,2022-01-19 01:40:04,1
950,Lothaire,Bromell,1977-11-02,0,18562.29,Business Development,2022-11-05 16:29:50,4
951,Mozelle,Miguet,1995-06-04,1,8814.21,Engineering,2021-12-04 22:51:33,3
952,Avictor,Elmar,1986-07-17,1,21662.7,Engineering,2022-07-25 01:40:43,3
953,Klement,Lante,1977-08-05,1,26936.8,Human Resources,2022-11-17 14:54:33,4
954,Beulah,Dreier,1996-05-11,0,26787.07,Legal,2022-06-11 19:11:51,3
955,Sheri,Mandel,1974-08-26,1,8596.52,Engineering,2022-10-24 06:13:23,5
956,Peter,Simeoni,1977-04-22,1,10931.61,Research and Development,2022-02-15 18:26:35,5
957,Imelda,Oldacre,1974-04-10,1,6383.71,Human Resources,2021-12-29 02:20:09,1
958,Florance,Seeman,1997-06-02,0,17253.09,Legal,2022-11-23 17:49:58,2
959,Lyndell,Randalson,1994-02-12,1,13296.98,Services,2022-04-26 07:41:03,2
960,Norrie,Von Der Empten,1995-04-14,1,10042.84,Legal,2022-06-09 02:42:39,2
961,Bradly,Henrion,1993-09-05,0,13296.55,Engineering,2022-06-10 19:59:10,3
962,Waly,Copnell,1976-09-01,1,29584.39,Support,2022-04-05 19:43:47,5
963,Zondra,Kennedy,1981-05-07,0,14360.38,Services,2022-07-16 07:29:32,6
964,Amalita,Bartoleyn,1992-06-05,1,8106.02,Support,2022-04-08 14:46:55,1
965,Rainer,Patrie,1992-12-03,0,25832.54,Legal,2022-03-16 12:11:30,2
966,Mallory,Beteriss,1987-06-03,1,3440.01,Research and Development,2022-03-20 12:47:07,5
967,Lissie,Goodburn,1999-02-24,1,7632.29,Human Resources,2022-06-17 18:46:21,6
968,Merrel,Mainston,1976-06-19,1,6187.6,Training,2022-06-28 01:08:04,6
969,Barty,Pawsey,1992-07-22,1,22963.86,Accounting,2022-05-14 08:48:36,3
970,Gorden,Corringham,1990-11-10,0,8572.48,Training,2022-04-13 02:19:33,4
971,Matthew,Roscam,1979-02-22,0,10790.42,Sales,2022-08-24 14:40:01,6
972,Junia,Fitzroy,1999-01-21,1,5788.64,Human Resources,2022-10-15 06:23:16,2
973,Evelin,Blackmuir,1980-09-11,0,22106.2,Engineering,2022-10-21 12:33:24,4
974,Rubia,Tirkin,1991-07-11,1,28587.8,Support,2022-07-02 03:08:46,5
975,Chrissie,Pinney,1999-08-21,0,6580.52,Accounting,2022-04-21 15:29:32,5
976,Zilvia,Kasting,1985-01-06,1,12142.23,Business Development,2022-03-26 18:59:09,6
977,Ailis,Bartholin,1993-12-17,0,12944.96,Sales,2022-01-18 09:46:08,3
978,Roxanna,Rodenburgh,1995-07-22,0,19966.23,Services,2022-09-06 02:37:39,4
979,Jess,Road,1974-05-10,1,1583.2,Research and Development,2021-12-27 01:32:04,3
980,Bethena,Hassent,2000-06-20,0,29703.34,Engineering,2022-06-04 16:45:21,3
981,Jacynth,Bake,1974-09-27,1,17527.44,Accounting,2022-01-13 02:54:23,6
982,Constantia,Wheaton,1981-04-12,0,5454.38,Product Management,2022-07-09 00:29:48,4
983,Mei,Delany,1989-12-29,1,19300.03,Training,2022-08-09 22:19:55,2
984,Phillip,Goadsby,1988-10-28,0,22133.99,Marketing,2022-10-07 06:26:32,5
985,Maure,Goudy,1972-10-11,1,13697.04,Services,2022-09-16 12:45:55,2
986,Carita,Kingswood,1976-05-17,1,23552.85,Training,2022-03-26 03:31:41,4
987,Ailina,Nassey,1994-07-02,0,11915.91,Business Development,2022-01-11 09:59:15,3
988,Jud,Nott,1981-04-25,0,15911.56,Legal,2021-12-19 05:11:16,1
989,Christalle,Kliment,1994-02-12,1,2094.72,Marketing,2022-03-09 06:15:07,1
990,Erek,Hulkes,1978-01-07,0,14931.98,Services,2022-04-19 18:48:55,5
991,Phip,Goare,1974-01-13,1,27086.26,Services,2022-08-05 18:12:26,6
992,Elyse,Bogace,1976-06-24,0,10127.94,Legal,2022-08-13 22:39:25,4
993,Waverly,Yeatman,1976-10-19,1,13566.36,Support,2021-12-17 00:47:50,4
994,Lucina,St. Quentin,1980-12-13,1,24756.0,Legal,2022-06-09 03:23:32,3
995,Forrester,Silverthorn,1993-08-27,0,10225.84,Support,2022-06-20 17:42:32,6
996,Gwen,Ferries,1980-10-29,0,19331.63,Accounting,2022-07-31 01:55:48,2
997,Jaquelyn,Callam,1992-09-12,0,12895.3,Accounting,2022-06-01 21:27:48,1
998,Chrissy,Olliver,1996-02-22,0,11673.41,Research and Development,2022-08-19 19:12:09,2
999,Pauline,Cowden,1985-08-19,1,27104.95,Human Resources,2022-06-01 17:03:58,5
1000,Ursala,Marlon,1978-05-08,0,6199.02,Human Resources,2022-09-04 23:14:05,5
